pr,title,sha,base_branch,kind,start_at,end_at,status,duration_seconds,npu_queue_seconds,approximate,critical_workflow,missing,pr_url,action_url
2143,[CI](chore) Bundle the BishengIR compiler into the wheel,f3d9992b94611a62cec114a04a5e4cf84d870f6f,main-dev,rerun,2026-09-20T16:01:15Z,2026-09-21T07:12:58Z,success,54703.0,145.0,True,Integration Tests,,https://github.com/triton-lang/triton-ascend/pull/2143,https://github.com/triton-lang/triton-ascend/actions/runs/35521377373
2307,[DiscreteMask](fix) atomic_rmw with cont ptr and disc mask using SIMD,11d9fba0beb1e46b173a90ce6fb83439125d4220,main-dev,initial,2026-09-21T06:47:43Z,2026-09-21T07:04:51Z,success,1028.0,148.0,True,Integration Tests,,https://github.com/triton-lang/triton-ascend/pull/2307,https://github.com/triton-lang/triton-ascend/actions/runs/35570009961
2317,[simd_simt](fix) fix FlagGems compile failures on the simd_simt branch,5e80ac07b28015f216acc3715e9ec0945afd5378,feature/simd-simt-compile-mode,initial,2026-09-21T06:48:16Z,2026-09-21T06:59:39Z,failure,683.0,169.0,True,Integration Tests,,https://github.com/triton-lang/triton-ascend/pull/2317,https://github.com/triton-lang/triton-ascend/actions/runs/35570049692
2168,[ssbuffer](fix) memref generators no longer considered as writer,7feb2240663dcf6c3c1ffd08dc7c67eb286b3c4d,main-dev,initial,2026-09-21T06:55:37Z,2026-09-22T06:56:10Z,cancelled,86433.0,263.0,True,Auto labeling,,https://github.com/triton-lang/triton-ascend/pull/2168,https://github.com/triton-lang/triton-ascend/actions/runs/35570566542
2317,[simd_simt](fix) fix FlagGems compile failures on the simd_simt branch,4d204462cdea9ac5ce87fd97c36b07fc0b96e82b,feature/simd-simt-compile-mode,initial,2026-09-21T06:59:16Z,2026-09-21T07:18:08Z,failure,1132.0,42.0,True,Ascend950 CI,部分 workflow 的 job 明细未采集,https://github.com/triton-lang/triton-ascend/pull/2317,https://github.com/triton-lang/triton-ascend/actions/runs/35570823826
2308,[ssbuffer](fix) add unable scenarios of mergecube,e3e70c5d1ebc6c14752559e5e0687a031540a5cd,main-dev,initial,2026-09-21T07:03:01Z,2026-09-21T07:09:00Z,cancelled,359.0,109.0,True,Integration Tests,,https://github.com/triton-lang/triton-ascend/pull/2308,https://github.com/triton-lang/triton-ascend/actions/runs/35571112821
2308,[ssbuffer](fix) add unable scenarios of mergecube,73b3c46a1575b089928652743331d5eb8ac9beb6,main-dev,initial,2026-09-21T07:07:07Z,2026-09-21T07:41:42Z,failure,2075.0,263.0,True,DynamicCVPipeline PreCheck Tests,,https://github.com/triton-lang/triton-ascend/pull/2308,https://github.com/triton-lang/triton-ascend/actions/runs/35571430578
2318,[ssbuffer](fix) fill init process,1b26a9e7c40c8ed06d736c3b851a42be32b9b2c2,main-dev,initial,2026-09-21T07:07:35Z,2026-09-21T07:30:10Z,success,1355.0,27.0,True,Integration Tests,,https://github.com/triton-lang/triton-ascend/pull/2318,https://github.com/triton-lang/triton-ascend/actions/runs/35571468869
2317,[simd_simt](fix) fix FlagGems compile failures on the simd_simt branch,51bfa258d0fecce14780b1250ec96a0e5c1d14b0,feature/simd-simt-compile-mode,initial,2026-09-21T07:18:01Z,2026-09-21T07:51:30Z,failure,2009.0,62.0,True,Ascend950 CI,部分 workflow 的 job 明细未采集,https://github.com/triton-lang/triton-ascend/pull/2317,https://github.com/triton-lang/triton-ascend/actions/runs/35572314118
2313,[dtype](fix) add dtype check,48b42c363b956141021e9af4c769b9904ae61d22,main-dev,initial,2026-09-21T07:36:38Z,2026-09-21T07:54:33Z,success,1075.0,35.0,True,Integration Tests,,https://github.com/triton-lang/triton-ascend/pull/2313,https://github.com/triton-lang/triton-ascend/actions/runs/35573773267
2318,[ssbuffer](fix) fill init process,a66abfc2296f7760a1b19934439aa06b3be60c5e,main-dev,initial,2026-09-21T07:37:08Z,2026-09-21T08:08:46Z,success,1898.0,27.0,True,DynamicCVPipeline PreCheck Tests,,https://github.com/triton-lang/triton-ascend/pull/2318,https://github.com/triton-lang/triton-ascend/actions/runs/35573814697
2315,[ssbuffer](fix) remove enabled func names,311cd8b2a98760ed1a0401e50151469265b8298b,main-dev,initial,2026-09-21T07:39:31Z,2026-09-21T08:18:16Z,success,2325.0,29.0,True,Auto labeling,,https://github.com/triton-lang/triton-ascend/pull/2315,https://github.com/triton-lang/triton-ascend/actions/runs/35574000771
2317,[simd_simt](fix) fix FlagGems compile failures on the simd_simt branch,50d0c6929a888ebadf77bab4327b2696ad90cd6b,feature/simd-simt-compile-mode,initial,2026-09-21T07:51:02Z,2026-09-21T08:07:44Z,failure,1002.0,27.0,True,Integration Tests,部分 workflow 的 job 明细未采集,https://github.com/triton-lang/triton-ascend/pull/2317,https://github.com/triton-lang/triton-ascend/actions/runs/35574918945
2317,[simd_simt](fix) fix FlagGems compile failures on the simd_simt branch,50d0c6929a888ebadf77bab4327b2696ad90cd6b,feature/simd-simt-compile-mode,rerun,2026-09-21T07:51:02Z,2026-09-22T04:14:22Z,success,73400.0,,True,Ascend950 CI,,https://github.com/triton-lang/triton-ascend/pull/2317,https://github.com/triton-lang/triton-ascend/actions/runs/35574914090
2192,[TritonToLinalg](fix) bugfix for negative stride and value for selectOp,7d163d111a801ac198dacec20173c36527a32432,feature/simd-simt-compile-mode,rerun,2026-09-21T07:58:52Z,2026-09-21T09:25:55Z,success,5223.0,,True,Auto labeling,,https://github.com/triton-lang/triton-ascend/pull/2192,https://github.com/triton-lang/triton-ascend/actions/runs/35575537474
2192,[TritonToLinalg](fix) bugfix for negative stride and value for selectOp,7d163d111a801ac198dacec20173c36527a32432,feature/simd-simt-compile-mode,rerun,2026-09-21T07:58:52Z,2026-09-21T10:45:02Z,failure,9970.0,,True,Ascend950 CI,,https://github.com/triton-lang/triton-ascend/pull/2192,https://github.com/triton-lang/triton-ascend/actions/runs/35575537480
2192,[TritonToLinalg](fix) bugfix for negative stride and value for selectOp,7d163d111a801ac198dacec20173c36527a32432,feature/simd-simt-compile-mode,initial,2026-09-21T07:58:52Z,2026-09-22T08:25:01Z,failure,87969.0,28.0,True,Auto labeling,部分 workflow 的 job 明细未采集,https://github.com/triton-lang/triton-ascend/pull/2192,https://github.com/triton-lang/triton-ascend/actions/runs/35575540606
2192,[TritonToLinalg](fix) bugfix for negative stride and value for selectOp,7d163d111a801ac198dacec20173c36527a32432,feature/simd-simt-compile-mode,rerun,2026-09-21T07:58:52Z,2026-09-21T09:30:37Z,success,5505.0,,True,OpenCodeReview PR Review,,https://github.com/triton-lang/triton-ascend/pull/2192,https://github.com/triton-lang/triton-ascend/actions/runs/35575537486
2192,[TritonToLinalg](fix) bugfix for negative stride and value for selectOp,7d163d111a801ac198dacec20173c36527a32432,feature/simd-simt-compile-mode,rerun,2026-09-21T07:58:54Z,2026-09-21T09:39:40Z,success,6046.0,27.0,True,Integration Tests,,https://github.com/triton-lang/triton-ascend/pull/2192,https://github.com/triton-lang/triton-ascend/actions/runs/35575540403
2192,[TritonToLinalg](fix) bugfix for negative stride and value for selectOp,7d163d111a801ac198dacec20173c36527a32432,feature/simd-simt-compile-mode,rerun,2026-09-21T07:58:54Z,2026-09-21T09:26:50Z,success,5276.0,,True,Pre-Commit Check,,https://github.com/triton-lang/triton-ascend/pull/2192,https://github.com/triton-lang/triton-ascend/actions/runs/35575540352
2319,[TritonToLinalg](fix) Correct the incorrect parallel_mode for sin/cos…,4f6348edc149f182e91b74a954281c32f9a131b5,main-dev,initial,2026-09-21T08:19:56Z,2026-09-22T01:32:16Z,success,61940.0,55.0,True,Auto labeling,,https://github.com/triton-lang/triton-ascend/pull/2319,https://github.com/triton-lang/triton-ascend/actions/runs/35577340446
2143,[CI](chore) Bundle the BishengIR compiler into the wheel,4310a4db03e52639b2b5b52b984d001b8794d974,main-dev,initial,2026-09-21T08:40:49Z,2026-09-21T12:06:41Z,failure,12352.0,47.0,True,Wheels,部分 workflow 的 job 明细未采集,https://github.com/triton-lang/triton-ascend/pull/2143,https://github.com/triton-lang/triton-ascend/actions/runs/35579160506
2320,[Backend](revert) allow AutoBlockify for atomic operations on 950,771c5d708d5a4c3a52c28498b1c4bfd29847b2f9,main-dev,initial,2026-09-21T08:43:08Z,2026-09-21T09:00:27Z,success,1039.0,107.0,True,Integration Tests,,https://github.com/triton-lang/triton-ascend/pull/2320,https://github.com/triton-lang/triton-ascend/actions/runs/35579364874
2321,[Libdevice](revert) Revert pr(#2271),191a7163545a93a8bf3103f6915df3cde4c6e1c3,main-dev,initial,2026-09-21T08:48:38Z,2026-09-21T09:09:16Z,failure,1238.0,103.0,True,Integration Tests,,https://github.com/triton-lang/triton-ascend/pull/2321,https://github.com/triton-lang/triton-ascend/actions/runs/35579847612
2322,[ssbuffer](fix) add pattern recognition in MergeComputeBlockPass,37034da2ed5c8fb4ffc7835ce1b2d00f56d2c28a,main-dev,initial,2026-09-21T08:49:03Z,2026-09-21T09:23:36Z,failure,2073.0,581.0,True,DynamicCVPipeline PreCheck Tests,,https://github.com/triton-lang/triton-ascend/pull/2322,https://github.com/triton-lang/triton-ascend/actions/runs/35579882575
2313,[dtype](fix) add dtype check,77ea65b213466297b1c6aad868ba71b0db31e08f,main-dev,initial,2026-09-21T09:02:23Z,2026-09-21T09:31:28Z,success,1745.0,414.0,True,Auto labeling,,https://github.com/triton-lang/triton-ascend/pull/2313,https://github.com/triton-lang/triton-ascend/actions/runs/35581055887
2161,[ssbuffer](fix) catch inter-block memref deps in CUBE scope,caa60adcc70518c2eea14be71d751b985ac9d95d,main-dev,initial,2026-09-21T09:07:54Z,2026-09-21T09:44:45Z,success,2211.0,468.0,True,DynamicCVPipeline PreCheck Tests,,https://github.com/triton-lang/triton-ascend/pull/2161,https://github.com/triton-lang/triton-ascend/actions/runs/35581544800
,Fix debug NOP insertion for scoped kernels (#2270),2268ec8bc806644c3a36dbc459d890da8707c440,未知目标分支,initial,2026-09-21T09:15:37Z,2026-09-21T09:43:14Z,success,1657.0,664.0,True,Integration Tests,未可靠关联 PR,,https://github.com/triton-lang/triton-ascend/actions/runs/35582252377
2318,[ssbuffer](fix) fill init process,5353b44664bbcc03f760588c17e53ec00a77cb86,main-dev,initial,2026-09-21T09:28:56Z,2026-09-21T11:49:02Z,success,8406.0,244.0,True,Auto labeling,,https://github.com/triton-lang/triton-ascend/pull/2318,https://github.com/triton-lang/triton-ascend/actions/runs/35583532793
2318,[ssbuffer](fix) fill init process,5353b44664bbcc03f760588c17e53ec00a77cb86,main-dev,rerun,2026-09-21T09:28:57Z,2026-09-21T12:23:54Z,success,10497.0,,True,DynamicCVPipeline PreCheck Tests,,https://github.com/triton-lang/triton-ascend/pull/2318,https://github.com/triton-lang/triton-ascend/actions/runs/35583532450
2281,Ssbuf custom op,0ccf3554f1cb1a9235f25a04514ad021de8ad2ef,main-dev,initial,2026-09-21T09:32:45Z,2026-09-21T09:58:57Z,failure,1572.0,355.0,True,DynamicCVPipeline PreCheck Tests,,https://github.com/triton-lang/triton-ascend/pull/2281,https://github.com/triton-lang/triton-ascend/actions/runs/35584331140
2279,[costmodel](fix) price SIMD segments and preserve all-SIMD setup,2e989e93fd04b5677001ff479c11400349005f01,feature/simd-simt-compile-mode,initial,2026-09-21T09:37:48Z,2026-09-21T11:09:47Z,failure,5519.0,34.0,True,Ascend950 CI,部分 workflow 的 job 明细未采集,https://github.com/triton-lang/triton-ascend/pull/2279,https://github.com/triton-lang/triton-ascend/actions/runs/35584369669
2307,[DiscreteMask](fix) atomic_rmw with cont ptr and disc mask using SIMD,b9040e17461721fcf95eea0bd4acad388c108dad,main-dev,initial,2026-09-21T09:40:29Z,2026-09-21T09:43:51Z,cancelled,202.0,28.0,True,Integration Tests,,https://github.com/triton-lang/triton-ascend/pull/2307,https://github.com/triton-lang/triton-ascend/actions/runs/35584606443
2307,[DiscreteMask](fix) atomic_rmw with cont ptr and disc mask using SIMD,cc37623feebd23f7509f5a4ab7b441882e302f9c,main-dev,initial,2026-09-21T09:43:18Z,2026-09-21T09:48:32Z,cancelled,314.0,77.0,True,Integration Tests,,https://github.com/triton-lang/triton-ascend/pull/2307,https://github.com/triton-lang/triton-ascend/actions/runs/35584857661
2307,[DiscreteMask](fix) atomic_rmw with cont ptr and disc mask using SIMD,0cfd4b1778bd7cf01583e072cd57917fddfc9ee9,main-dev,initial,2026-09-21T09:47:08Z,2026-09-21T10:06:09Z,failure,1141.0,112.0,True,Integration Tests,,https://github.com/triton-lang/triton-ascend/pull/2307,https://github.com/triton-lang/triton-ascend/actions/runs/35585210289
2323,[CI](chore) Replace the npuir build package,1e8a25a77b993545220aeba447a03f5da3b94e69,main,initial,2026-09-21T09:52:39Z,2026-09-21T10:04:02Z,success,683.0,,True,Documentation,,https://github.com/triton-lang/triton-ascend/pull/2323,https://github.com/triton-lang/triton-ascend/actions/runs/35585697333
2323,[CI](chore) Replace the npuir build package,1e8a25a77b993545220aeba447a03f5da3b94e69,main,rerun,2026-09-21T09:52:41Z,2026-09-21T11:13:56Z,failure,4875.0,16.0,True,Integration Tests,,https://github.com/triton-lang/triton-ascend/pull/2323,https://github.com/triton-lang/triton-ascend/actions/runs/35585697520
2324,[Docs](fix) fix document formatting issues,62d188117429076bf746533f9c25dbf0b2fd55fa,main,initial,2026-09-21T10:07:27Z,2026-09-21T10:16:27Z,cancelled,540.0,,True,Documentation,,https://github.com/triton-lang/triton-ascend/pull/2324,https://github.com/triton-lang/triton-ascend/actions/runs/35587034835
2324,[Docs](fix) fix document formatting issues,b273f61793984cb9efc907b09245f7e6f11438b7,main,initial,2026-09-21T10:12:46Z,2026-09-21T10:35:16Z,failure,1350.0,,True,Documentation,,https://github.com/triton-lang/triton-ascend/pull/2324,https://github.com/triton-lang/triton-ascend/actions/runs/35587530373
,[ssbuffer](fix) remove enabled func names (#2315),1c9ae61b150a71c661f8fc5f251f0b1ecb20bfd7,未知目标分支,initial,2026-09-21T10:53:51Z,2026-09-21T10:54:20Z,cancelled,29.0,0,True,Integration Tests,未可靠关联 PR,,https://github.com/triton-lang/triton-ascend/actions/runs/35591162927
,[ssbuffer](fix) memref generators no longer considered as writer (#2168),e2c0a8ded3cecdd60f034dabb547ac0985b0d2af,未知目标分支,initial,2026-09-21T10:54:19Z,2026-09-21T11:12:33Z,failure,1094.0,21.0,True,Integration Tests,未可靠关联 PR,,https://github.com/triton-lang/triton-ascend/actions/runs/35591207091
2279,[costmodel](fix) price SIMD segments and preserve all-SIMD setup,d1cd0e83f387d3ecd73810d3cc908c81ffe6e6b6,feature/simd-simt-compile-mode,rerun,2026-09-21T11:09:31Z,2026-09-22T14:38:50Z,failure,98959.0,,True,Ascend950 CI,,https://github.com/triton-lang/triton-ascend/pull/2279,https://github.com/triton-lang/triton-ascend/actions/runs/35592564216
2279,[costmodel](fix) price SIMD segments and preserve all-SIMD setup,d1cd0e83f387d3ecd73810d3cc908c81ffe6e6b6,feature/simd-simt-compile-mode,initial,2026-09-21T11:09:31Z,2026-09-21T11:31:07Z,failure,1296.0,69.0,True,Integration Tests,部分 workflow 的 job 明细未采集,https://github.com/triton-lang/triton-ascend/pull/2279,https://github.com/triton-lang/triton-ascend/actions/runs/35592569448
2224,[ssbuffer](fix) set CopyOp's forWriteTPipe PIPE_MTE1,ee5df88ab74a90bf4ad3e2e2154f7f37baae81ca,main-dev,initial,2026-09-21T11:11:06Z,2026-09-21T11:45:33Z,success,2067.0,47.0,True,DynamicCVPipeline PreCheck Tests,,https://github.com/triton-lang/triton-ascend/pull/2224,https://github.com/triton-lang/triton-ascend/actions/runs/35592708523
,[dtype](fix) add dtype check (#2313),3b3c9420de10373d0ad8d46aa18ea2c2a67d4450,未知目标分支,initial,2026-09-21T11:35:59Z,2026-09-21T11:57:01Z,failure,1262.0,219.0,True,Integration Tests,未可靠关联 PR,,https://github.com/triton-lang/triton-ascend/actions/runs/35594912776
2274,[Docs](fix) resolve AIDD scan issues,42cb3fbffcbf401e61b798ab34c376751ea1fb20,main,initial,2026-09-21T11:37:03Z,2026-09-21T11:48:44Z,cancelled,701.0,,True,Documentation,,https://github.com/triton-lang/triton-ascend/pull/2274,https://github.com/triton-lang/triton-ascend/actions/runs/35595009484
2322,[ssbuffer](fix) add pattern recognition in MergeComputeBlockPass,0bb3d8bf75287d8bf91c490a9cb01faee4d6c3e6,main-dev,initial,2026-09-21T11:46:57Z,2026-09-21T12:08:23Z,success,1286.0,66.0,True,DynamicCVPipeline PreCheck Tests,,https://github.com/triton-lang/triton-ascend/pull/2322,https://github.com/triton-lang/triton-ascend/actions/runs/35595898048
2274,[Docs](fix) resolve AIDD scan issues,86fe19ece91848b2a30aba85ab35f2d9a0c047e5,main,initial,2026-09-21T11:47:06Z,2026-09-21T11:54:04Z,cancelled,418.0,84.0,True,Documentation,,https://github.com/triton-lang/triton-ascend/pull/2274,https://github.com/triton-lang/triton-ascend/actions/runs/35595909506
2274,[Docs](fix) resolve AIDD scan issues,3136cc42b0aaae98af7ea556f064db48f82a370c,main,initial,2026-09-21T11:49:02Z,2026-09-21T12:24:19Z,cancelled,2117.0,97.0,True,DynamicCVPipeline PreCheck Tests,,https://github.com/triton-lang/triton-ascend/pull/2274,https://github.com/triton-lang/triton-ascend/actions/runs/35596077478
2288,[docs](feat) change the build entry point to setup.py,2a3f41977c8461e0191b7725faea5f790554c118,main,initial,2026-09-21T11:56:11Z,2026-09-21T12:04:52Z,failure,521.0,,True,Documentation,,https://github.com/triton-lang/triton-ascend/pull/2288,https://github.com/triton-lang/triton-ascend/actions/runs/35596699242
2274,[Docs](fix) resolve AIDD scan issues,cf38c69f128e15fbf2940d00f349b98cc3ce079e,main,initial,2026-09-21T11:56:37Z,2026-09-21T12:16:21Z,success,1184.0,,True,Docs RTD Preview,,https://github.com/triton-lang/triton-ascend/pull/2274,https://github.com/triton-lang/triton-ascend/actions/runs/35596731457
2274,[Docs](fix) resolve AIDD scan issues,cf38c69f128e15fbf2940d00f349b98cc3ce079e,main,rerun,2026-09-21T11:56:39Z,2026-09-22T06:41:34Z,cancelled,67495.0,,True,Documentation,,https://github.com/triton-lang/triton-ascend/pull/2274,https://github.com/triton-lang/triton-ascend/actions/runs/35596734091
2288,[docs](feat) change the build entry point to setup.py,5fb4082368a8afa105ef9220de22e2bd808bf6b3,main,initial,2026-09-21T12:01:42Z,2026-09-21T12:20:52Z,failure,1150.0,,True,Documentation,,https://github.com/triton-lang/triton-ascend/pull/2288,https://github.com/triton-lang/triton-ascend/actions/runs/35597182405
,[ssbuffer](fix) set CopyOp's forWriteTPipe PIPE_MTE1 (#2224),fd1f0e898ac343e85e063fe45cc60665da55b067,未知目标分支,initial,2026-09-21T12:07:46Z,2026-09-21T12:28:17Z,success,1231.0,93.0,True,Integration Tests,未可靠关联 PR,,https://github.com/triton-lang/triton-ascend/actions/runs/35597742715
2143,[CI](chore) Bundle the BishengIR compiler into the wheel,3c5d45581fc2c3d318191b43bf0d3ac5c4d5dd33,main-dev,initial,2026-09-21T12:19:04Z,2026-09-21T13:39:42Z,failure,4838.0,49.0,True,Wheels,部分 workflow 的 job 明细未采集,https://github.com/triton-lang/triton-ascend/pull/2143,https://github.com/triton-lang/triton-ascend/actions/runs/35598843232
2325,[launcher](fix) add file lock when compiling launch,2f56e4914c432830293f5bcc32d1298f1f1951f7,main-dev,initial,2026-09-21T12:21:42Z,2026-09-21T12:30:39Z,failure,537.0,130.0,True,Integration Tests,,https://github.com/triton-lang/triton-ascend/pull/2325,https://github.com/triton-lang/triton-ascend/actions/runs/35599090347
2326,[Docs](fix) Use approved product names in user docs,4db5c0335b36d1ff92a7118a9802e4f93b2881c0,main,initial,2026-09-21T12:24:40Z,2026-09-21T12:40:34Z,failure,954.0,,True,Documentation,,https://github.com/triton-lang/triton-ascend/pull/2326,https://github.com/triton-lang/triton-ascend/actions/runs/35599376138
2325,[launcher](fix) add file lock when compiling launch,6675af9d0ac7d40a72b127ba659c7b617d408f2e,main-dev,initial,2026-09-21T12:30:11Z,2026-09-21T12:49:57Z,cancelled,1186.0,99.0,True,Integration Tests,,https://github.com/triton-lang/triton-ascend/pull/2325,https://github.com/triton-lang/triton-ascend/actions/runs/35599902215
2327,[launcher](fix) add file lock when compiling launch,e80869f8db7bc565f6615b421204465e1bfca91b,release/3.2.2,initial,2026-09-21T12:30:28Z,2026-09-21T12:42:50Z,failure,742.0,43.0,True,Ascend950 Wheels Build,,https://github.com/triton-lang/triton-ascend/pull/2327,https://github.com/triton-lang/triton-ascend/actions/runs/35599934493
,[compiler](fix) Remove forced bishengir-compile debug options (#2287),1352676856b548dac610e3d96f0a0788715f8ec5,未知目标分支,initial,2026-09-21T12:31:47Z,2026-09-21T12:58:34Z,success,1607.0,337.0,True,Integration Tests,未可靠关联 PR,,https://github.com/triton-lang/triton-ascend/actions/runs/35600059884
2288,[docs](feat) change the build entry point to setup.py,a98594c32ad50e93d57ecfa2809c7ebcdf863f01,main,initial,2026-09-21T12:42:49Z,2026-09-21T12:54:09Z,failure,680.0,,True,Documentation,,https://github.com/triton-lang/triton-ascend/pull/2288,https://github.com/triton-lang/triton-ascend/actions/runs/35601133980
2325,[launcher](fix) add file lock when compiling launch,24b474f0ffa0778cd93b9753a67b261e3ad78f7c,main-dev,initial,2026-09-21T12:47:42Z,2026-09-21T13:10:45Z,success,1383.0,64.0,True,Integration Tests,,https://github.com/triton-lang/triton-ascend/pull/2325,https://github.com/triton-lang/triton-ascend/actions/runs/35601613627
2327,[launcher](fix) add file lock when compiling launch,d9453a417a83520d6c2ed603d684aa302221aa07,release/3.2.2,initial,2026-09-21T12:48:46Z,2026-09-21T13:05:22Z,success,996.0,104.0,True,Integration Tests,,https://github.com/triton-lang/triton-ascend/pull/2327,https://github.com/triton-lang/triton-ascend/actions/runs/35601719964
2288,[docs](feat) change the build entry point to setup.py,3932e2bcc20b50dcfd88c65a5b24f5e4e499c3e7,main,initial,2026-09-21T12:51:12Z,2026-09-21T13:04:19Z,failure,787.0,,True,Documentation,,https://github.com/triton-lang/triton-ascend/pull/2288,https://github.com/triton-lang/triton-ascend/actions/runs/35601951850
2143,[CI](chore) Bundle the BishengIR compiler into the wheel,1c055895fef5359ff0cf996e8e7014e47b218d06,main-dev,initial,2026-09-21T13:34:39Z,2026-09-22T06:51:23Z,failure,62204.0,4668.0,True,Wheels,部分 workflow 的 job 明细未采集,https://github.com/triton-lang/triton-ascend/pull/2143,https://github.com/triton-lang/triton-ascend/actions/runs/35606501545
2328,[compiler](fix) dlclose kernel callback library after reading metadata,ce902da1a8cd17a02b80459e5e5aa1442e8c9b26,main,initial,2026-09-21T13:35:49Z,2026-09-21T13:47:17Z,failure,688.0,48.0,True,Integration Tests,,https://github.com/triton-lang/triton-ascend/pull/2328,https://github.com/triton-lang/triton-ascend/actions/runs/35606630721
2328,[compiler](fix) dlclose kernel callback library after reading metadata,6c07c01a0cad76ad2356f6f8ad42f0d84daf17a7,main,initial,2026-09-21T13:46:32Z,2026-09-21T14:06:56Z,success,1224.0,86.0,True,Integration Tests,,https://github.com/triton-lang/triton-ascend/pull/2328,https://github.com/triton-lang/triton-ascend/actions/runs/35607776557
,"Revert ""[Backend](fix) allow AutoBlockify for atomic operations on 95…",b3fa6a5db3e868ea33f3214f3bafaa636596037c,未知目标分支,initial,2026-09-21T13:51:13Z,2026-09-21T13:51:45Z,cancelled,32.0,0,True,Integration Tests,未可靠关联 PR,,https://github.com/triton-lang/triton-ascend/actions/runs/35608268449
,"Revert ""[Libdevice](fix) Remove redundant positive libdevice guards (…",abc8e821cce6a82c723ca1a45dcd62171c29ab8e,未知目标分支,initial,2026-09-21T13:51:45Z,2026-09-21T14:11:07Z,success,1162.0,20.0,True,Integration Tests,未可靠关联 PR,,https://github.com/triton-lang/triton-ascend/actions/runs/35608324030
2305,[simt_costmodel](feat) add scalar load/store white-box cost model,66744e10b6757b04d18edce5d637f1140a2e55eb,feature/simd-simt-compile-mode,initial,2026-09-21T15:24:13Z,2026-09-22T03:09:27Z,success,42314.0,,True,Auto labeling,,https://github.com/triton-lang/triton-ascend/pull/2305,https://github.com/triton-lang/triton-ascend/actions/runs/35682098953
2281,Ssbuf custom op,64efe7e70a6d39c0bfa3d16806a5b1d3ce6083b4,main-dev,initial,2026-09-22T00:58:07Z,2026-09-22T01:03:00Z,failure,293.0,95.0,True,Integration Tests,,https://github.com/triton-lang/triton-ascend/pull/2281,https://github.com/triton-lang/triton-ascend/actions/runs/35674019206
2281,Ssbuf custom op,8f5e2bd63f2fed222114af176a6be7d7dc2e6cb1,main-dev,initial,2026-09-22T01:01:56Z,2026-09-22T01:09:50Z,failure,474.0,268.0,True,Integration Tests,,https://github.com/triton-lang/triton-ascend/pull/2281,https://github.com/triton-lang/triton-ascend/actions/runs/35674256329
2281,Ssbuf custom op,86c6edd9edbe8c3d521974f2e2dd0d732325ab31,main-dev,initial,2026-09-22T01:08:30Z,2026-09-22T06:15:17Z,failure,18407.0,276.0,True,Integration Tests,,https://github.com/triton-lang/triton-ascend/pull/2281,https://github.com/triton-lang/triton-ascend/actions/runs/35674664491
2326,[Docs](fix) Use approved product names in user docs,a48b614934ca6a483456dfd9ae6d29e240bae2f2,main,initial,2026-09-22T01:20:52Z,2026-09-22T01:26:08Z,success,316.0,,True,Docs RTD Preview,,https://github.com/triton-lang/triton-ascend/pull/2326,https://github.com/triton-lang/triton-ascend/actions/runs/35675414526
2326,[Docs](fix) Use approved product names in user docs,a48b614934ca6a483456dfd9ae6d29e240bae2f2,main,rerun,2026-09-22T01:20:54Z,2026-09-22T01:45:47Z,failure,1493.0,,True,Documentation,,https://github.com/triton-lang/triton-ascend/pull/2326,https://github.com/triton-lang/triton-ascend/actions/runs/35675415886
2288,[docs](feat) change the build entry point to setup.py,6a8fe64fb756ebbac23146148a23b9a9df6410db,main,initial,2026-09-22T01:21:56Z,2026-09-22T01:31:54Z,cancelled,598.0,,True,Documentation,,https://github.com/triton-lang/triton-ascend/pull/2288,https://github.com/triton-lang/triton-ascend/actions/runs/35675479508
2288,[docs](feat) change the build entry point to setup.py,5710387ceec87b057e2f4185c1100502ccad7e4e,main,initial,2026-09-22T01:27:10Z,2026-09-22T01:48:37Z,success,1287.0,,True,Documentation,,https://github.com/triton-lang/triton-ascend/pull/2288,https://github.com/triton-lang/triton-ascend/actions/runs/35675809806
2326,[Docs](fix) Use approved product names in user docs,6a7bb257a3f073835e8b433f2e227ea8dabdce44,main,initial,2026-09-22T02:07:33Z,2026-09-22T02:44:47Z,failure,2234.0,1120.0,True,Integration Tests,,https://github.com/triton-lang/triton-ascend/pull/2326,https://github.com/triton-lang/triton-ascend/actions/runs/35678313077
2147,[wip] perf Nsa,83307c3e23c5257655a6e2c728425d773049f7c8,main-dev,initial,2026-09-22T02:30:10Z,2026-09-22T02:35:58Z,failure,348.0,28.0,True,Integration Tests,,https://github.com/triton-lang/triton-ascend/pull/2147,https://github.com/triton-lang/triton-ascend/actions/runs/35679689861
2147,[wip] perf Nsa,d20d18a4a3f2a1186a6fe6e2d395c21085cebce2,main-dev,initial,2026-09-22T02:30:54Z,2026-09-22T03:12:26Z,failure,2492.0,536.0,True,Integration Tests,,https://github.com/triton-lang/triton-ascend/pull/2147,https://github.com/triton-lang/triton-ascend/actions/runs/35679740276
2310,[ssbuffer](feat) optimization for load-exp pattern,e1d11f52eb0bf9c2df3bb05f07d947fae0583114,main-dev,initial,2026-09-22T02:38:42Z,2026-09-22T02:41:09Z,success,147.0,,True,Auto labeling,,https://github.com/triton-lang/triton-ascend/pull/2310,https://github.com/triton-lang/triton-ascend/actions/runs/35680335104
2326,[Docs](fix) Use approved product names in user docs,271c1f6e29ed4f916a186274be7903d30fa8e837,main,initial,2026-09-22T02:40:44Z,2026-09-22T02:52:23Z,cancelled,699.0,29.0,True,Documentation,,https://github.com/triton-lang/triton-ascend/pull/2326,https://github.com/triton-lang/triton-ascend/actions/runs/35680329956
2307,[DiscreteMask](fix) atomic_rmw with cont ptr and disc mask using SIMD,feb2d7d06d02d5bb83747daf59e48f5f4cc132dc,main-dev,initial,2026-09-22T02:41:23Z,2026-09-22T03:28:48Z,failure,2845.0,1281.0,True,Integration Tests,,https://github.com/triton-lang/triton-ascend/pull/2307,https://github.com/triton-lang/triton-ascend/actions/runs/35680371465
2310,[ssbuffer](feat) optimization for load-exp pattern,eb8b5e502d177030160765de4c0bdc66e9c33327,main-dev,initial,2026-09-22T02:46:25Z,2026-09-22T03:45:32Z,success,3547.0,1562.0,True,Integration Tests,,https://github.com/triton-lang/triton-ascend/pull/2310,https://github.com/triton-lang/triton-ascend/actions/runs/35680691282
2326,[Docs](fix) Use approved product names in user docs,86cdfa949952a8471e174eb7a80bfc285ef5ac0d,main,initial,2026-09-22T02:50:04Z,2026-09-22T04:05:54Z,success,4550.0,3432.0,True,Integration Tests,,https://github.com/triton-lang/triton-ascend/pull/2326,https://github.com/triton-lang/triton-ascend/actions/runs/35680914942
2312,[TritonToLinalg](feat) Support multi-return kernel call  in kernel,cb5a50c66f21fc3f0a4555c8830b1a3e2c12772f,main-dev,initial,2026-09-22T02:54:53Z,2026-09-22T04:18:28Z,failure,5015.0,3896.0,True,Integration Tests,,https://github.com/triton-lang/triton-ascend/pull/2312,https://github.com/triton-lang/triton-ascend/actions/runs/35681213203
2329,[ssbuffer](revert) memref generators no longer considered as writer,73390e4564475f5da8df9036a19a4a5e09895d29,main-dev,initial,2026-09-22T03:05:34Z,2026-09-22T03:40:08Z,success,2074.0,,True,DynamicCVPipeline PreCheck Tests,,https://github.com/triton-lang/triton-ascend/pull/2329,https://github.com/triton-lang/triton-ascend/actions/runs/35681882085
2329,[ssbuffer](revert) memref generators no longer considered as writer,73390e4564475f5da8df9036a19a4a5e09895d29,main-dev,rerun,2026-09-22T03:05:37Z,2026-09-22T06:27:06Z,success,12089.0,4.0,True,Integration Tests,,https://github.com/triton-lang/triton-ascend/pull/2329,https://github.com/triton-lang/triton-ascend/actions/runs/35681882255
2330,[ssbuffer](fix) remove kernel names,63ec2aeae23a006b8fa77dad69a5e0ee02952025,main-dev,initial,2026-09-22T03:10:32Z,2026-09-22T04:37:43Z,success,5231.0,4080.0,True,Integration Tests,,https://github.com/triton-lang/triton-ascend/pull/2330,https://github.com/triton-lang/triton-ascend/actions/runs/35682185533
2318,[ssbuffer](fix) fill init process,8eb3ebd6d1aba5acd475fdf1d6c2e549782eeab4,main-dev,initial,2026-09-22T03:17:29Z,2026-09-22T04:44:17Z,success,5208.0,4026.0,True,Integration Tests,,https://github.com/triton-lang/triton-ascend/pull/2318,https://github.com/triton-lang/triton-ascend/actions/runs/35682609039
2324,[Docs](fix) fix document formatting issues,48b82873665436206930e821f5f4a1e306a0611f,main,initial,2026-09-22T03:19:57Z,2026-09-22T03:28:34Z,cancelled,517.0,,True,Documentation,,https://github.com/triton-lang/triton-ascend/pull/2324,https://github.com/triton-lang/triton-ascend/actions/runs/35682755757
2288,[docs](feat) change the build entry point to setup.py,7b613a563447fce64c12e1ea325cf5101c765354,main,initial,2026-09-22T03:20:15Z,2026-09-22T03:28:33Z,cancelled,498.0,94.0,True,Documentation,,https://github.com/triton-lang/triton-ascend/pull/2288,https://github.com/triton-lang/triton-ascend/actions/runs/35682778860
2324,[Docs](fix) fix document formatting issues,6bab7a49902a142ecf7d1275e519f959550554d9,main,initial,2026-09-22T03:24:33Z,2026-09-22T05:08:17Z,failure,6224.0,,True,Documentation,,https://github.com/triton-lang/triton-ascend/pull/2324,https://github.com/triton-lang/triton-ascend/actions/runs/35683046416
2288,[docs](feat) change the build entry point to setup.py,d119e25b2bdd0eb49c4afd4115a2f675287b67e4,main,initial,2026-09-22T03:24:39Z,2026-09-22T03:28:23Z,failure,224.0,26.0,True,OpenCodeReview PR Review,,https://github.com/triton-lang/triton-ascend/pull/2288,https://github.com/triton-lang/triton-ascend/actions/runs/35683054279
2288,[docs](feat) change the build entry point to setup.py,43a41560bb17c48644f6a26b48e921d88b69535c,main,initial,2026-09-22T03:27:13Z,2026-09-22T05:03:26Z,success,5773.0,4616.0,True,Integration Tests,,https://github.com/triton-lang/triton-ascend/pull/2288,https://github.com/triton-lang/triton-ascend/actions/runs/35683212180
2331,[TritonToLinalg](fix) Preserve automatic overflow assertions,8ddb8b344e3145f3fec439b5193caec6399bd7d7,main-dev,initial,2026-09-22T03:29:20Z,2026-09-22T08:31:50Z,cancelled,18150.0,5647.0,True,Integration Tests,,https://github.com/triton-lang/triton-ascend/pull/2331,https://github.com/triton-lang/triton-ascend/actions/runs/35683333473
2307,[DiscreteMask](fix) atomic_rmw with cont ptr and disc mask using SIMD,604edf279ad7ae38d2f96531617715d340fa07d9,main-dev,initial,2026-09-22T03:51:03Z,2026-09-22T03:59:58Z,failure,535.0,83.0,True,Integration Tests,,https://github.com/triton-lang/triton-ascend/pull/2307,https://github.com/triton-lang/triton-ascend/actions/runs/35684666733
2307,[DiscreteMask](fix) atomic_rmw with cont ptr and disc mask using SIMD,5a26a4ca195126772adb58f3b36b07e9eb8a9bce,main-dev,initial,2026-09-22T03:59:56Z,2026-09-22T04:01:56Z,cancelled,120.0,10.0,True,Integration Tests,,https://github.com/triton-lang/triton-ascend/pull/2307,https://github.com/triton-lang/triton-ascend/actions/runs/35685191252
2307,[DiscreteMask](fix) atomic_rmw with cont ptr and disc mask using SIMD,b69e3f8618821d51ca5f33c89ab5a1305e426a48,main-dev,initial,2026-09-22T04:00:36Z,2026-09-22T04:04:32Z,cancelled,236.0,76.0,True,Integration Tests,,https://github.com/triton-lang/triton-ascend/pull/2307,https://github.com/triton-lang/triton-ascend/actions/runs/35685240156
2307,[DiscreteMask](fix) atomic_rmw with cont ptr and disc mask using SIMD,8abda90ea4485bbe0090d50a3f838f33588675e8,main-dev,initial,2026-09-22T04:03:30Z,2026-09-22T06:45:44Z,failure,9734.0,3936.0,True,Auto labeling,,https://github.com/triton-lang/triton-ascend/pull/2307,https://github.com/triton-lang/triton-ascend/actions/runs/35685422469
2221,Feature/sparse gather load to l1cache,951e7646d3c53f61ac0b138d7e182742d36c69e4,main-dev,initial,2026-09-22T06:06:56Z,2026-09-22T07:16:10Z,failure,4154.0,32.0,True,Integration Tests,,https://github.com/triton-lang/triton-ascend/pull/2221,https://github.com/triton-lang/triton-ascend/actions/runs/35693418414
2336,[TritonToUnstructure](fix) preserve masks on structured load dimensions,5054b5bb75838b6737b9abd86ecc2b217237cee4,main-dev,initial,2026-09-22T06:09:51Z,2026-09-22T07:15:44Z,cancelled,3953.0,30.0,True,Integration Tests,,https://github.com/triton-lang/triton-ascend/pull/2336,https://github.com/triton-lang/triton-ascend/actions/runs/35693616369
2337,[npuir](fix) update npuir,b4f947c371af5908a3b1baf94b1d31326219c9a0,main-dev,initial,2026-09-22T06:18:05Z,2026-09-22T12:20:36Z,success,21751.0,20232.0,True,Integration Tests,,https://github.com/triton-lang/triton-ascend/pull/2337,https://github.com/triton-lang/triton-ascend/actions/runs/35694219123
2338,[Ascend](fix) Lower retained scalar helper calls,d6716390104e3e201fc47edca8cdf5b45f27ba91,main-dev,initial,2026-09-22T06:23:02Z,2026-09-22T12:18:45Z,success,21343.0,20013.0,True,Integration Tests,,https://github.com/triton-lang/triton-ascend/pull/2338,https://github.com/triton-lang/triton-ascend/actions/runs/35694581860
2310,[ssbuffer](feat) optimization for load-exp pattern,bb63f429bb968a3bd308d11d3be521f0263fde12,main-dev,initial,2026-09-22T06:27:11Z,2026-09-22T06:51:39Z,failure,1468.0,27.0,True,Integration Tests,,https://github.com/triton-lang/triton-ascend/pull/2310,https://github.com/triton-lang/triton-ascend/actions/runs/35694892429
2339,[Ascend](fix) Preserve scalar pointer addresses across helper calls,1bae87da94bd3b90e4f93fb15423f6e158243eee,main-dev,initial,2026-09-22T06:27:25Z,2026-09-22T12:46:30Z,success,22745.0,21250.0,True,Integration Tests,,https://github.com/triton-lang/triton-ascend/pull/2339,https://github.com/triton-lang/triton-ascend/actions/runs/35694907862
,"Revert ""[ssbuffer](fix) memref generators no longer considered as wri…",79d156dbf00081d77dfd08eaeb1cac8b86710a9b,未知目标分支,initial,2026-09-22T06:31:27Z,2026-09-22T12:44:49Z,success,22402.0,21034.0,True,Integration Tests,未可靠关联 PR,,https://github.com/triton-lang/triton-ascend/actions/runs/35695215430
2340,[Backend](fix) backport dtype checks and compiler debug cleanup to main,54b070dc4c323cde9d48d72aceb96fa3a94546dd,main,initial,2026-09-22T06:31:58Z,2026-09-22T13:04:22Z,success,23544.0,21091.0,True,Integration Tests,,https://github.com/triton-lang/triton-ascend/pull/2340,https://github.com/triton-lang/triton-ascend/actions/runs/35695251330
,[docs](feat) change the build entry point to setup.py (#2288),a9cf13bf67580a5054f3fe38f6cad367e7306941,未知目标分支,initial,2026-09-22T06:39:20Z,2026-09-22T13:21:54Z,success,24154.0,22021.0,True,Integration Tests,未可靠关联 PR,,https://github.com/triton-lang/triton-ascend/actions/runs/35695814994
2274,[Docs](fix) resolve AIDD scan issues,d92319270a6b7fb7f801a282ed8ab3d427685c2f,main,initial,2026-09-22T06:41:32Z,2026-09-22T13:38:19Z,success,25007.0,,True,Documentation,,https://github.com/triton-lang/triton-ascend/pull/2274,https://github.com/triton-lang/triton-ascend/actions/runs/35695985892
2293,[sim_costmodel](feat) add calibrated histogram stage cost model,68081603c094364c61c1514c5a1aeb009dfbcd3d,feature/simd-simt-compile-mode,initial,2026-09-22T06:42:27Z,2026-09-22T12:41:21Z,success,21534.0,,True,Auto labeling,,https://github.com/triton-lang/triton-ascend/pull/2293,https://github.com/triton-lang/triton-ascend/actions/runs/35728673036
2143,[CI](chore) Bundle the BishengIR compiler into the wheel,a170c412fcd4c14cdebf97c8ad6c9286ebdc230a,main-dev,initial,2026-09-22T06:46:20Z,2026-09-22T07:12:54Z,failure,1594.0,33.0,True,NPUIR Payload Build,部分 workflow 的 job 明细未采集,https://github.com/triton-lang/triton-ascend/pull/2143,https://github.com/triton-lang/triton-ascend/actions/runs/35696356832
2310,[ssbuffer](feat) optimization for load-exp pattern,73e644b9a0a4c7b05b31b65f5a4eacbfdf55d943,main-dev,initial,2026-09-22T06:50:19Z,2026-09-22T06:54:27Z,failure,248.0,35.0,True,DynamicCVPipeline PreCheck Tests,,https://github.com/triton-lang/triton-ascend/pull/2310,https://github.com/triton-lang/triton-ascend/actions/runs/35696657505
2310,[ssbuffer](feat) optimization for load-exp pattern,5a352c80798b158ad242292ce6043449a213afc1,main-dev,initial,2026-09-22T06:53:28Z,2026-09-22T14:08:15Z,success,26087.0,23277.0,True,Integration Tests,,https://github.com/triton-lang/triton-ascend/pull/2310,https://github.com/triton-lang/triton-ascend/actions/runs/35696900478
2143,[CI](chore) Bundle the BishengIR compiler into the wheel,b77a120cd0d79c743cd39bb7a81a7ec218946f2b,main-dev,initial,2026-09-22T07:12:34Z,2026-09-22T07:36:14Z,failure,1420.0,214.0,True,NPUIR Payload Build,部分 workflow 的 job 明细未采集,https://github.com/triton-lang/triton-ascend/pull/2143,https://github.com/triton-lang/triton-ascend/actions/runs/35698460115
2336,[TritonToUnstructure](fix) preserve masks on structured load dimensions,de5b3adfcecdfd7a6ff91cc37b92f583c608de1b,main-dev,initial,2026-09-22T07:15:43Z,2026-09-22T07:22:16Z,cancelled,393.0,55.0,True,Integration Tests,,https://github.com/triton-lang/triton-ascend/pull/2336,https://github.com/triton-lang/triton-ascend/actions/runs/35698723172
2221,Feature/sparse gather load to l1cache,c841ea785742acf02683a338d6218c4f3d63fecd,main-dev,initial,2026-09-22T07:16:07Z,2026-09-22T13:56:59Z,failure,24052.0,22783.0,True,Integration Tests,,https://github.com/triton-lang/triton-ascend/pull/2221,https://github.com/triton-lang/triton-ascend/actions/runs/35698759645
2336,[TritonToUnstructure](fix) preserve masks on structured load dimensions,177596f2eb166f7bb0b6c8c679c32bc4c2d5ebb1,main-dev,initial,2026-09-22T07:21:08Z,2026-09-22T14:16:58Z,success,24950.0,22551.0,True,Integration Tests,,https://github.com/triton-lang/triton-ascend/pull/2336,https://github.com/triton-lang/triton-ascend/actions/runs/35699167788
2342,[TritonToUnstructure](fix) Guard partial masks in indirect fast path,2c1d98664c0c074c9d0120f35aa152801f363512,main-dev,initial,2026-09-22T07:32:03Z,2026-09-22T09:05:24Z,failure,5601.0,32.0,True,Integration Tests,,https://github.com/triton-lang/triton-ascend/pull/2342,https://github.com/triton-lang/triton-ascend/actions/runs/35700078620
2143,[CI](chore) Bundle the BishengIR compiler into the wheel,6305ef0afab5407ec02bbc84d3801fdd22155822,main-dev,initial,2026-09-22T07:35:06Z,2026-09-22T09:33:01Z,failure,7075.0,29.0,True,Wheels,部分 workflow 的 job 明细未采集,https://github.com/triton-lang/triton-ascend/pull/2143,https://github.com/triton-lang/triton-ascend/actions/runs/35700337329
2281,Ssbuf custom op,738dd6a079e712ebd7444044a571658345bf65ae,main-dev,initial,2026-09-22T07:42:10Z,2026-09-22T14:29:03Z,failure,24413.0,23156.0,True,Integration Tests,,https://github.com/triton-lang/triton-ascend/pull/2281,https://github.com/triton-lang/triton-ascend/actions/runs/35700933035
2343,[Backend](fix) dump kernel binary under TRITON_DEBUG,b0fca05f99d0ce85031250b506860262d281ae95,main-dev,initial,2026-09-22T07:42:14Z,2026-09-22T08:22:17Z,cancelled,2403.0,62.0,True,Integration Tests,,https://github.com/triton-lang/triton-ascend/pull/2343,https://github.com/triton-lang/triton-ascend/actions/runs/35700937823
2344,[WIP][ssbuffer](fix) keep Copy sync_block_wait MTE1,cad2a1c3781dfb974dce672d2bdbf6394728cfc9,main-dev,initial,2026-09-22T08:01:16Z,2026-09-22T08:12:59Z,cancelled,703.0,28.0,True,Integration Tests,,https://github.com/triton-lang/triton-ascend/pull/2344,https://github.com/triton-lang/triton-ascend/actions/runs/35702555010
2344,[WIP][ssbuffer](fix) keep Copy sync_block_wait MTE1,3a1cec5a404c526ec7b045d41f0f7b44ab3c89e5,main-dev,initial,2026-09-22T08:12:39Z,2026-09-22T14:35:50Z,failure,22991.0,21846.0,True,Integration Tests,,https://github.com/triton-lang/triton-ascend/pull/2344,https://github.com/triton-lang/triton-ascend/actions/runs/35703575125
2343,[Backend](fix) dump kernel binary under TRITON_DEBUG,18388efb2a3936fbd080a4731067244a3ad63924,main-dev,initial,2026-09-22T08:21:32Z,2026-09-22T14:42:26Z,success,22854.0,21615.0,True,Integration Tests,,https://github.com/triton-lang/triton-ascend/pull/2343,https://github.com/triton-lang/triton-ascend/actions/runs/35704367379
2345,[TritonToLinalg](fix) align clamp lowering with upstream,0ebc53e108e59df9a4e44ff3ca467ed9a738d19d,main-dev,initial,2026-09-22T08:32:45Z,2026-09-22T14:50:13Z,cancelled,22648.0,21370.0,True,Integration Tests,,https://github.com/triton-lang/triton-ascend/pull/2345,https://github.com/triton-lang/triton-ascend/actions/runs/35705393401
2342,[TritonToUnstructure](fix) Guard partial masks in indirect fast path,6d6eef5143a1e617e433a2633211abeac182afe6,main-dev,rerun,2026-09-22T09:05:21Z,2026-09-22T11:29:22Z,cancelled,8641.0,,True,OpenCodeReview PR Review,,https://github.com/triton-lang/triton-ascend/pull/2342,https://github.com/triton-lang/triton-ascend/actions/runs/35708391437
2342,[TritonToUnstructure](fix) Guard partial masks in indirect fast path,6d6eef5143a1e617e433a2633211abeac182afe6,main-dev,rerun,2026-09-22T09:05:21Z,2026-09-22T11:26:50Z,success,8489.0,,True,Auto labeling,,https://github.com/triton-lang/triton-ascend/pull/2342,https://github.com/triton-lang/triton-ascend/actions/runs/35708391483
2342,[TritonToUnstructure](fix) Guard partial masks in indirect fast path,6d6eef5143a1e617e433a2633211abeac182afe6,main-dev,rerun,2026-09-22T09:05:21Z,2026-09-22T11:26:43Z,success,8482.0,,True,Restricted Files Labeler,,https://github.com/triton-lang/triton-ascend/pull/2342,https://github.com/triton-lang/triton-ascend/actions/runs/35708391354
2342,[TritonToUnstructure](fix) Guard partial masks in indirect fast path,6d6eef5143a1e617e433a2633211abeac182afe6,main-dev,rerun,2026-09-22T09:05:23Z,2026-09-22T11:27:44Z,success,8541.0,,True,Pre-Commit Check,,https://github.com/triton-lang/triton-ascend/pull/2342,https://github.com/triton-lang/triton-ascend/actions/runs/35708394581
2342,[TritonToUnstructure](fix) Guard partial masks in indirect fast path,6d6eef5143a1e617e433a2633211abeac182afe6,main-dev,rerun,2026-09-22T09:05:23Z,2026-09-22T11:26:42Z,success,8479.0,,True,PR Title Check,,https://github.com/triton-lang/triton-ascend/pull/2342,https://github.com/triton-lang/triton-ascend/actions/runs/35708394589
2342,[TritonToUnstructure](fix) Guard partial masks in indirect fast path,6d6eef5143a1e617e433a2633211abeac182afe6,main-dev,initial,2026-09-22T09:05:24Z,2026-09-22T11:29:03Z,cancelled,8619.0,31.0,True,Integration Tests,,https://github.com/triton-lang/triton-ascend/pull/2342,https://github.com/triton-lang/triton-ascend/actions/runs/35708394965
2307,[DiscreteMask](fix) atomic_rmw with cont ptr and disc mask using SIMD,d3c8287309b954f8c3b188e1707e6aec99ce7f85,main-dev,initial,2026-09-22T09:12:28Z,2026-09-22T09:42:36Z,cancelled,1808.0,30.0,True,Integration Tests,,https://github.com/triton-lang/triton-ascend/pull/2307,https://github.com/triton-lang/triton-ascend/actions/runs/35709065706
1623,[tools](feat) add translation functionality,9aa5b3c05d28fe2b02035f468d4e93407b7c8d34,main,initial,2026-09-22T09:24:38Z,2026-09-22T09:31:29Z,cancelled,411.0,,True,Documentation,,https://github.com/triton-lang/triton-ascend/pull/1623,https://github.com/triton-lang/triton-ascend/actions/runs/35710214936
1623,[tools](feat) add translation functionality,a7a646a83672a0a1343606c9f404d264bac72ea5,main,initial,2026-09-22T09:26:25Z,2026-09-22T12:52:37Z,failure,12372.0,,True,Documentation,,https://github.com/triton-lang/triton-ascend/pull/1623,https://github.com/triton-lang/triton-ascend/actions/runs/35710388013
2143,[CI](chore) Bundle the BishengIR compiler into the wheel,044c3acb77bb6dddb93aab6550c9cd2f973dd5c8,main-dev,initial,2026-09-22T09:27:58Z,2026-09-22T12:23:03Z,failure,10505.0,26.0,True,Integration Tests,部分 workflow 的 job 明细未采集,https://github.com/triton-lang/triton-ascend/pull/2143,https://github.com/triton-lang/triton-ascend/actions/runs/35710532477
2307,[DiscreteMask](fix) atomic_rmw with cont ptr and disc mask using SIMD,9f15a666b0941322cea7b65599b291d07d64120c,main-dev,initial,2026-09-22T09:42:34Z,2026-09-22T14:55:00Z,success,18746.0,17489.0,True,Integration Tests,,https://github.com/triton-lang/triton-ascend/pull/2307,https://github.com/triton-lang/triton-ascend/actions/runs/35711915896
2346,"[MaskAnalysis](fix) parse arith.subi, (offs - K) >= 0 stays continuous",9c7e20a177d97ec3054dc58e48ce55f1df485c87,main-dev,initial,2026-09-22T11:18:35Z,2026-09-22T14:53:58Z,success,12923.0,11842.0,True,Integration Tests,,https://github.com/triton-lang/triton-ascend/pull/2346,https://github.com/triton-lang/triton-ascend/actions/runs/35720728196
2342,[TritonToUnstructure](fix) Guard partial masks in indirect fast path,587aaed2fdda6052e5c111525d8f4778de3459a9,main-dev,initial,2026-09-22T11:28:59Z,2026-09-22T15:09:52Z,success,13253.0,12079.0,True,Integration Tests,,https://github.com/triton-lang/triton-ascend/pull/2342,https://github.com/triton-lang/triton-ascend/actions/runs/35721693319
2347,"[MaskAnalysis](fix) parse arith.subi, (offs - K) >= 0 stays continuous",c15f38171d2354e9f99be020258c0cf7047422c5,release/3.2.2,initial,2026-09-22T11:30:53Z,2026-09-22T11:33:36Z,cancelled,163.0,25.0,True,Ascend950 Wheels Build,,https://github.com/triton-lang/triton-ascend/pull/2347,https://github.com/triton-lang/triton-ascend/actions/runs/35721873547
2347,"[MaskAnalysis](fix) parse arith.subi, (offs - K) >= 0 stays continuous",7cf04218a089994319759b063053aac054088656,release/3.2.2,initial,2026-09-22T11:32:40Z,2026-09-22T11:51:44Z,success,1144.0,62.0,True,Integration Tests,,https://github.com/triton-lang/triton-ascend/pull/2347,https://github.com/triton-lang/triton-ascend/actions/runs/35722034779
2348,[docs](fix) move active maintainers to the front,3175c36b3b2807934e913b69a5da8d116da93ec8,main,initial,2026-09-22T12:04:32Z,2026-09-22T12:09:49Z,success,317.0,,True,Docs RTD Preview,,https://github.com/triton-lang/triton-ascend/pull/2348,https://github.com/triton-lang/triton-ascend/actions/runs/35725040012
2312,[TritonToLinalg](feat) Support multi-return kernel call  in kernel,4167bc8cd93d5ad76e874d35c5f202fba58fa65d,main-dev,initial,2026-09-22T12:08:50Z,2026-09-22T15:12:53Z,success,11043.0,9822.0,True,Integration Tests,,https://github.com/triton-lang/triton-ascend/pull/2312,https://github.com/triton-lang/triton-ascend/actions/runs/35725461201
2326,[Docs](fix) Use approved product names in user docs,a49498d4ca4711edf173b7ec499d15f85d09d5aa,main,initial,2026-09-22T12:18:59Z,2026-09-22T15:01:16Z,failure,9737.0,,True,Documentation,,https://github.com/triton-lang/triton-ascend/pull/2326,https://github.com/triton-lang/triton-ascend/actions/runs/35726447902
2143,[CI](chore) Bundle the BishengIR compiler into the wheel,502e6786b7c08f7445b71c4681dd3cbaf55dcdaf,main-dev,initial,2026-09-22T12:22:57Z,2026-09-22T12:24:52Z,cancelled,115.0,0,True,Wheels,部分 workflow 的 job 明细未采集,https://github.com/triton-lang/triton-ascend/pull/2143,https://github.com/triton-lang/triton-ascend/actions/runs/35726836883
2143,[CI](chore) Bundle the BishengIR compiler into the wheel,605f011f626a85b4ce0cb9e857c1c8e3bd6792c2,main-dev,initial,2026-09-22T12:23:36Z,2026-09-22T15:15:28Z,failure,10312.0,9464.0,True,Integration Tests,部分 workflow 的 job 明细未采集,https://github.com/triton-lang/triton-ascend/pull/2143,https://github.com/triton-lang/triton-ascend/actions/runs/35726902808
2349,[testing](fix) fix the bug when open clear_l2_cache,9365da769437b6ba3a5b8df76db91f5ed8929d5f,main-dev,initial,2026-09-22T12:25:42Z,2026-09-22T15:26:53Z,success,10871.0,9587.0,True,Integration Tests,,https://github.com/triton-lang/triton-ascend/pull/2349,https://github.com/triton-lang/triton-ascend/actions/runs/35727114207
2350,[backend](fix) Rename A5 to Ascend 950 and port backend fixes,8ecf76729de6000f4ca10eeb0796f0daced81ba6,main-dev,initial,2026-09-22T12:34:32Z,2026-09-22T12:38:30Z,cancelled,238.0,31.0,True,Integration Tests,,https://github.com/triton-lang/triton-ascend/pull/2350,https://github.com/triton-lang/triton-ascend/actions/runs/35728011572
2350,[backend](fix) Rename A5 to Ascend 950 and port backend fixes,e3b863b68ac8305ece70872c0268d015db76cf68,main-dev,initial,2026-09-22T12:37:41Z,2026-09-22T15:30:23Z,success,10362.0,9091.0,True,Integration Tests,,https://github.com/triton-lang/triton-ascend/pull/2350,https://github.com/triton-lang/triton-ascend/actions/runs/35728331179
2351,[CI](feat) change a5 runner,39a4ed7af09afc960f451a8f2752f916da0ef0b4,main,initial,2026-09-22T12:47:22Z,2026-09-22T12:51:55Z,cancelled,273.0,158.0,True,Integration Tests,,https://github.com/triton-lang/triton-ascend/pull/2351,https://github.com/triton-lang/triton-ascend/actions/runs/35729321426
2351,[CI](feat) change a5 runner,24452b96d394acc67676fc4bb1df5ec333526d77,main,initial,2026-09-22T12:51:38Z,2026-09-23T01:34:54Z,success,45796.0,9220.0,True,Auto labeling,,https://github.com/triton-lang/triton-ascend/pull/2351,https://github.com/triton-lang/triton-ascend/actions/runs/35729754436
1623,[tools](feat) add translation functionality,383b0b3adfefe1bb2cd23595cb8ab3b485fef538,main,initial,2026-09-22T12:52:34Z,2026-09-22T13:00:05Z,failure,451.0,,True,Documentation,,https://github.com/triton-lang/triton-ascend/pull/1623,https://github.com/triton-lang/triton-ascend/actions/runs/35729850342
1623,[tools](feat) add translation functionality,d94b7cef0f096409b15f3d3d0babd61ecf1aacdd,main,initial,2026-09-22T12:59:01Z,2026-09-22T13:11:08Z,failure,727.0,,True,Documentation,,https://github.com/triton-lang/triton-ascend/pull/1623,https://github.com/triton-lang/triton-ascend/actions/runs/35730524127
2293,[sim_costmodel](feat) add calibrated histogram stage cost model,fc0afdd1d787b5f3cb8275a373be65b69654bc39,feature/simd-simt-compile-mode,initial,2026-09-22T13:04:03Z,2026-09-22T14:09:18Z,failure,3915.0,25.0,True,Ascend950 CI,部分 workflow 的 job 明细未采集,https://github.com/triton-lang/triton-ascend/pull/2293,https://github.com/triton-lang/triton-ascend/actions/runs/35731064542
1623,[tools](feat) add translation functionality,b1433d115b1a7a14ed73df0ab5a36020fa0b3d22,main,initial,2026-09-22T13:08:41Z,2026-09-22T13:26:45Z,failure,1084.0,,True,Documentation,,https://github.com/triton-lang/triton-ascend/pull/1623,https://github.com/triton-lang/triton-ascend/actions/runs/35731563388
,[compiler](fix) Remove forced bishengir-compile debug options (#2287),9b1eb144e58e065da93c984fb34c1639349d5189,未知目标分支,initial,2026-09-22T13:15:50Z,2026-09-22T15:32:02Z,success,8172.0,6665.0,True,Integration Tests,未可靠关联 PR,,https://github.com/triton-lang/triton-ascend/actions/runs/35732330689
1623,[tools](feat) add translation functionality,3a043469cdac5e6d35175792412c01394e788b8d,main,initial,2026-09-22T13:26:42Z,2026-09-22T15:25:27Z,success,7125.0,,True,Documentation,,https://github.com/triton-lang/triton-ascend/pull/1623,https://github.com/triton-lang/triton-ascend/actions/runs/35733501868
,[launcher](fix) add file lock when compiling launch (#2325),49404834042fefc26193ccffeba8f1279815a9cd,未知目标分支,initial,2026-09-22T13:34:32Z,2026-09-22T13:34:48Z,cancelled,16.0,0,True,Integration Tests,未可靠关联 PR,,https://github.com/triton-lang/triton-ascend/actions/runs/35734365168
,[launcher](fix) add file lock when compiling launch (#2327),e9e034a4fe84626dcfc7afd0bfba002ce9322fc3,未知目标分支,initial,2026-09-22T13:34:40Z,2026-09-22T13:49:49Z,success,909.0,51.0,True,Integration Tests,未可靠关联 PR,,https://github.com/triton-lang/triton-ascend/actions/runs/35734379700
,[npuir](fix) update npuir (#2337),127967c1c6d3db364a18a6e81348697dc7a8043d,未知目标分支,initial,2026-09-22T13:34:48Z,2026-09-22T13:38:11Z,cancelled,203.0,52.0,True,Integration Tests,未可靠关联 PR,,https://github.com/triton-lang/triton-ascend/actions/runs/35734394389
,[ssbuffer](fix) fill init process#2318,cb11b0fad46d8fefc864477b9c1faa616a483c33,未知目标分支,initial,2026-09-22T13:37:55Z,2026-09-22T14:16:14Z,cancelled,2299.0,34.0,True,Integration Tests,未可靠关联 PR,,https://github.com/triton-lang/triton-ascend/actions/runs/35734737281
2352,[CI](feat) Add Dynamic cv mojo ttadapter ci,c08da26bd98ac9a2f96f6c9317f0809eb471f630,main-dev,initial,2026-09-22T13:40:19Z,2026-09-22T15:54:06Z,failure,8027.0,6837.0,True,Integration Tests,,https://github.com/triton-lang/triton-ascend/pull/2352,https://github.com/triton-lang/triton-ascend/actions/runs/35735014861
2293,[sim_costmodel](feat) add calibrated histogram stage cost model,d3d19d658ad1658db4d2f54752c5db6a38fe170a,feature/simd-simt-compile-mode,initial,2026-09-22T14:08:37Z,2026-09-22T14:16:17Z,failure,460.0,135.0,True,Integration Tests,部分 workflow 的 job 明细未采集,https://github.com/triton-lang/triton-ascend/pull/2293,https://github.com/triton-lang/triton-ascend/actions/runs/35738251096
2293,[sim_costmodel](feat) add calibrated histogram stage cost model,c492b09ebfac9785a85b5f37df50370a0b6341af,feature/simd-simt-compile-mode,initial,2026-09-22T14:15:06Z,2026-09-22T15:01:02Z,failure,2756.0,,True,Auto labeling,部分 workflow 的 job 明细未采集,https://github.com/triton-lang/triton-ascend/pull/2293,https://github.com/triton-lang/triton-ascend/actions/runs/35744316612
2293,[sim_costmodel](feat) add calibrated histogram stage cost model,c492b09ebfac9785a85b5f37df50370a0b6341af,feature/simd-simt-compile-mode,rerun,2026-09-22T14:15:06Z,2026-09-23T02:31:14Z,failure,44168.0,,True,Ascend950 CI,,https://github.com/triton-lang/triton-ascend/pull/2293,https://github.com/triton-lang/triton-ascend/actions/runs/35739000922
2293,[sim_costmodel](feat) add calibrated histogram stage cost model,c492b09ebfac9785a85b5f37df50370a0b6341af,feature/simd-simt-compile-mode,rerun,2026-09-22T14:15:10Z,2026-09-22T14:58:20Z,success,2590.0,56.0,True,Integration Tests,,https://github.com/triton-lang/triton-ascend/pull/2293,https://github.com/triton-lang/triton-ascend/actions/runs/35739009272
,[TritonToLinalg](feat) remove UseAnalysis with staged lowering (#1975),2015cceb82ed1cf5d191d7ed087379ad970dc137,未知目标分支,initial,2026-09-22T14:16:14Z,2026-09-22T14:21:01Z,cancelled,287.0,74.0,True,Integration Tests,未可靠关联 PR,,https://github.com/triton-lang/triton-ascend/actions/runs/35739135948
,[TritonToUnstructure](fix) preserve masks on structured load dimensio…,7b4ee8674e2eac515cb9ad6b0713e0949eaa6e50,未知目标分支,initial,2026-09-22T14:20:12Z,2026-09-22T15:57:02Z,failure,5810.0,4694.0,True,Integration Tests,未可靠关联 PR,,https://github.com/triton-lang/triton-ascend/actions/runs/35739598409
2279,[costmodel](fix) price SIMD segments and preserve all-SIMD setup,870c82cb2d0a4557600754de9f81f7703138b21e,feature/simd-simt-compile-mode,initial,2026-09-22T14:47:37Z,2026-09-22T15:08:09Z,failure,1232.0,156.0,True,Integration Tests,部分 workflow 的 job 明细未采集,https://github.com/triton-lang/triton-ascend/pull/2279,https://github.com/triton-lang/triton-ascend/actions/runs/35742789083
2301,[wip]rewriteif,4e8abf0a38e5680a29e517fdcc69446c77175ff3,main-dev,initial,2026-09-22T15:04:34Z,2026-09-22T16:05:07Z,failure,3633.0,2571.0,True,Integration Tests,,https://github.com/triton-lang/triton-ascend/pull/2301,https://github.com/triton-lang/triton-ascend/actions/runs/35744785828
2143,[CI](chore) Bundle the BishengIR compiler into the wheel,6dd76f77189135c7bddbbf6a7f5f6d94eab924cc,main-dev,initial,2026-09-22T15:33:19Z,2026-09-22T17:20:30Z,failure,6431.0,1423.0,True,Wheels,部分 workflow 的 job 明细未采集,https://github.com/triton-lang/triton-ascend/pull/2143,https://github.com/triton-lang/triton-ascend/actions/runs/35748175130
2310,[ssbuffer](feat) optimization for load-exp pattern,9d9adda0b4bc89ba7e5298d8665fe7fce3ee804e,main-dev,initial,2026-09-23T01:25:53Z,2026-09-23T01:46:37Z,failure,1244.0,64.0,True,Integration Tests,,https://github.com/triton-lang/triton-ascend/pull/2310,https://github.com/triton-lang/triton-ascend/actions/runs/35806251716
2301,[wip]rewriteif,0370c677bda81e31ea2ff83025a36c49b22d7c51,main-dev,initial,2026-09-23T01:27:20Z,2026-09-23T03:33:31Z,failure,7571.0,6485.0,True,Integration Tests,,https://github.com/triton-lang/triton-ascend/pull/2301,https://github.com/triton-lang/triton-ascend/actions/runs/35806353668
2355,[Conv1d](feat) Add asymmetric padding support,c86bfff0b190a46a58a5fb6647241559b2f3a8ee,main-dev,initial,2026-09-23T01:42:22Z,2026-09-23T03:17:40Z,cancelled,5718.0,49.0,True,Integration Tests,,https://github.com/triton-lang/triton-ascend/pull/2355,https://github.com/triton-lang/triton-ascend/actions/runs/35807392498
2310,[ssbuffer](feat) optimization for load-exp pattern,b276b7de7bc2946ad91e0e319985603815589f9d,main-dev,initial,2026-09-23T01:45:27Z,2026-09-23T02:02:41Z,cancelled,1034.0,135.0,True,DynamicCVPipeline PreCheck Tests,,https://github.com/triton-lang/triton-ascend/pull/2310,https://github.com/triton-lang/triton-ascend/actions/runs/35807606526
2356,[Docs](feat) Add conv1d and conv2d API documentation,1a6fdafccd9994ec0fda752cd41ba86d77a0f68d,main-dev,initial,2026-09-23T01:46:02Z,2026-09-23T01:57:35Z,success,693.0,,True,Documentation,,https://github.com/triton-lang/triton-ascend/pull/2356,https://github.com/triton-lang/triton-ascend/actions/runs/35807644058
2308,[ssbuffer](fix) add unable scenarios of mergecube,644bb0c65d1936c142f18cde82d67acd8fddce10,main-dev,initial,2026-09-23T01:46:11Z,2026-09-23T02:27:06Z,cancelled,2455.0,144.0,True,DynamicCVPipeline PreCheck Tests,,https://github.com/triton-lang/triton-ascend/pull/2308,https://github.com/triton-lang/triton-ascend/actions/runs/35807653392
2352,[CI](feat) Add Dynamic cv mojo ttadapter ci,a43b5f7322abf179876f8305898c4c54254a54d8,main-dev,initial,2026-09-23T01:55:22Z,2026-09-23T03:37:29Z,failure,6127.0,39.0,True,DynamicCVPipeline Mojo compile check,,https://github.com/triton-lang/triton-ascend/pull/2352,https://github.com/triton-lang/triton-ascend/actions/runs/35808287300
2357,[ssbuffer](fix) fix bug of data analyze,a1050431aa6424ca52d3ca5718e305d41b35f491,main-dev,initial,2026-09-23T01:59:03Z,2026-09-23T02:12:18Z,failure,795.0,34.0,True,Integration Tests,,https://github.com/triton-lang/triton-ascend/pull/2357,https://github.com/triton-lang/triton-ascend/actions/runs/35808527739
2143,[CI](chore) Bundle the BishengIR compiler into the wheel,725fcb4ed7f8f6ac12c42cf075c723f416be7989,main-dev,initial,2026-09-23T01:59:16Z,2026-09-23T02:01:41Z,cancelled,145.0,43.0,True,Integration Tests,部分 workflow 的 job 明细未采集,https://github.com/triton-lang/triton-ascend/pull/2143,https://github.com/triton-lang/triton-ascend/actions/runs/35808538651
2143,[CI](chore) Bundle the BishengIR compiler into the wheel,ba119877f1f3430b1b55f58baa3e528ad374d24f,main-dev,rerun,2026-09-23T02:00:33Z,2026-09-23T03:36:46Z,success,5773.0,,True,Restricted Files Labeler,,https://github.com/triton-lang/triton-ascend/pull/2143,https://github.com/triton-lang/triton-ascend/actions/runs/35808625053
2143,[CI](chore) Bundle the BishengIR compiler into the wheel,ba119877f1f3430b1b55f58baa3e528ad374d24f,main-dev,rerun,2026-09-23T02:00:33Z,2026-09-23T03:38:14Z,success,5861.0,,True,OpenCodeReview PR Review,,https://github.com/triton-lang/triton-ascend/pull/2143,https://github.com/triton-lang/triton-ascend/actions/runs/35808624936
2143,[CI](chore) Bundle the BishengIR compiler into the wheel,ba119877f1f3430b1b55f58baa3e528ad374d24f,main-dev,rerun,2026-09-23T02:00:33Z,2026-09-23T03:36:56Z,success,5783.0,,True,Auto labeling,,https://github.com/triton-lang/triton-ascend/pull/2143,https://github.com/triton-lang/triton-ascend/actions/runs/35808624884
2143,[CI](chore) Bundle the BishengIR compiler into the wheel,ba119877f1f3430b1b55f58baa3e528ad374d24f,main-dev,rerun,2026-09-23T02:00:35Z,2026-09-23T03:37:59Z,failure,5844.0,,True,Pre-Commit Check,,https://github.com/triton-lang/triton-ascend/pull/2143,https://github.com/triton-lang/triton-ascend/actions/runs/35808627020
2143,[CI](chore) Bundle the BishengIR compiler into the wheel,ba119877f1f3430b1b55f58baa3e528ad374d24f,main-dev,initial,2026-09-23T02:00:35Z,2026-09-23T03:48:02Z,failure,6447.0,4618.0,True,Integration Tests,,https://github.com/triton-lang/triton-ascend/pull/2143,https://github.com/triton-lang/triton-ascend/actions/runs/35808627117
2143,[CI](chore) Bundle the BishengIR compiler into the wheel,ba119877f1f3430b1b55f58baa3e528ad374d24f,main-dev,rerun,2026-09-23T02:00:35Z,2026-09-23T03:37:21Z,success,5806.0,,True,PR Title Check,,https://github.com/triton-lang/triton-ascend/pull/2143,https://github.com/triton-lang/triton-ascend/actions/runs/35808626899
2143,[CI](chore) Bundle the BishengIR compiler into the wheel,ba119877f1f3430b1b55f58baa3e528ad374d24f,main-dev,rerun,2026-09-23T02:00:35Z,2026-09-23T05:08:32Z,failure,11277.0,,True,Wheels,部分 workflow 的 job 明细未采集,https://github.com/triton-lang/triton-ascend/pull/2143,https://github.com/triton-lang/triton-ascend/actions/runs/35808626830
2310,[ssbuffer](feat) optimization for load-exp pattern,25c25ff40b30db3994bfef11c39d52978b3b4f0f,main-dev,initial,2026-09-23T02:01:23Z,2026-09-23T02:37:04Z,success,2141.0,,True,DynamicCVPipeline PreCheck Tests,,https://github.com/triton-lang/triton-ascend/pull/2310,https://github.com/triton-lang/triton-ascend/actions/runs/35808686393
2310,[ssbuffer](feat) optimization for load-exp pattern,25c25ff40b30db3994bfef11c39d52978b3b4f0f,main-dev,rerun,2026-09-23T02:01:24Z,2026-09-23T09:21:15Z,cancelled,26391.0,46.0,True,Integration Tests,,https://github.com/triton-lang/triton-ascend/pull/2310,https://github.com/triton-lang/triton-ascend/actions/runs/35808686651
2357,[ssbuffer](fix) fix bug of data analyze,d6bd7bc1dac73fc50b0c3cda97fc0f870be86da0,main-dev,initial,2026-09-23T02:11:35Z,2026-09-23T02:52:33Z,success,2458.0,,True,DynamicCVPipeline PreCheck Tests,,https://github.com/triton-lang/triton-ascend/pull/2357,https://github.com/triton-lang/triton-ascend/actions/runs/35809368041
2357,[ssbuffer](fix) fix bug of data analyze,d6bd7bc1dac73fc50b0c3cda97fc0f870be86da0,main-dev,rerun,2026-09-23T02:11:36Z,2026-09-23T06:23:44Z,failure,15128.0,4239.0,True,Integration Tests,,https://github.com/triton-lang/triton-ascend/pull/2357,https://github.com/triton-lang/triton-ascend/actions/runs/35809368297
2358,[ssbuffer](fix) remove i1 fallback,83763d15bd22d014ddbd0b05589e4ad0ac4685b6,main-dev,initial,2026-09-23T02:16:41Z,2026-09-23T04:25:49Z,failure,7748.0,5472.0,True,Integration Tests,,https://github.com/triton-lang/triton-ascend/pull/2358,https://github.com/triton-lang/triton-ascend/actions/runs/35809708935
2050,[ssbuffer](fix) memdep graphsyncsolver,cc9e060d43a3d68bbad628fa6c83291b441be1b4,main-dev,initial,2026-09-23T02:18:39Z,2026-09-23T04:29:39Z,failure,7860.0,5364.0,True,Integration Tests,,https://github.com/triton-lang/triton-ascend/pull/2050,https://github.com/triton-lang/triton-ascend/actions/runs/35809837183
2359,[CI](feat) change a5 runner,55cf8012c1d17d78a2f072e6282f5ab380fcd657,main-dev,initial,2026-09-23T02:19:24Z,2026-09-23T02:38:26Z,cancelled,1142.0,34.0,True,Integration Tests,,https://github.com/triton-lang/triton-ascend/pull/2359,https://github.com/triton-lang/triton-ascend/actions/runs/35809886830
2322,[ssbuffer](fix) add pattern recognition in MergeComputeBlockPass,6a3bd02d6696e9e1ac05e2de59b919416f808689,main-dev,initial,2026-09-23T02:26:41Z,2026-09-23T04:44:02Z,failure,8241.0,6131.0,True,Integration Tests,,https://github.com/triton-lang/triton-ascend/pull/2322,https://github.com/triton-lang/triton-ascend/actions/runs/35810375014
2308,[ssbuffer](fix) add unable scenarios of mergecube,d809a6acaabb86476b13268b10320104c3ab14a4,main-dev,initial,2026-09-23T02:26:48Z,2026-09-23T05:04:07Z,failure,9439.0,7361.0,True,Integration Tests,,https://github.com/triton-lang/triton-ascend/pull/2308,https://github.com/triton-lang/triton-ascend/actions/runs/35810381776
2360,[CI](chore) Add the a5 test,6223811c0f9f0d81f42f0e67fd80a08d26b87ced,release/3.2.2,initial,2026-09-23T02:35:59Z,2026-09-23T04:44:44Z,failure,7725.0,7655.0,True,Integration Tests,部分 workflow 的 job 明细未采集,https://github.com/triton-lang/triton-ascend/pull/2360,https://github.com/triton-lang/triton-ascend/actions/runs/35811002681
2359,[CI](feat) change a5 runner,419ec69544a3177ab7669978c3b917dc07a30eca,main-dev,initial,2026-09-23T02:38:24Z,2026-09-23T05:05:08Z,failure,8804.0,8744.0,True,Integration Tests,,https://github.com/triton-lang/triton-ascend/pull/2359,https://github.com/triton-lang/triton-ascend/actions/runs/35811157310
,change a5 runner (#2351),a7066950f388c151fcb91c428ef16b0e90721133,未知目标分支,initial,2026-09-23T02:38:48Z,2026-09-23T05:24:32Z,success,9944.0,8768.0,True,Integration Tests,未可靠关联 PR,,https://github.com/triton-lang/triton-ascend/actions/runs/35811182244
2352,[CI](feat) Add Dynamic cv mojo ttadapter ci,7f8ac1099bc9a35707a88a2b834f84654764e47e,main-dev,initial,2026-09-23T02:42:20Z,2026-09-23T02:53:28Z,failure,668.0,30.0,True,Integration Tests,,https://github.com/triton-lang/triton-ascend/pull/2352,https://github.com/triton-lang/triton-ascend/actions/runs/35811417683
2352,[CI](feat) Add Dynamic cv mojo ttadapter ci,cc4549b0f04e11dae5367141cb62911e02459b9d,main-dev,initial,2026-09-23T02:52:23Z,2026-09-23T04:08:46Z,failure,4583.0,36.0,True,DynamicCVPipeline PreCheck Tests,,https://github.com/triton-lang/triton-ascend/pull/2352,https://github.com/triton-lang/triton-ascend/actions/runs/35812085703
1623,[tools](feat) add translation functionality,20ce439c30e171b4a018b00992966153efa7cbd6,main,initial,2026-09-23T03:02:56Z,2026-09-23T03:09:17Z,cancelled,381.0,,True,OpenCodeReview PR Review,,https://github.com/triton-lang/triton-ascend/pull/1623,https://github.com/triton-lang/triton-ascend/actions/runs/35812778420
1623,[tools](feat) add translation functionality,56973eefe11d1061df45d0e7179ee514f1a2ef2e,main,initial,2026-09-23T03:08:54Z,2026-09-23T03:19:29Z,cancelled,635.0,,True,Documentation,,https://github.com/triton-lang/triton-ascend/pull/1623,https://github.com/triton-lang/triton-ascend/actions/runs/35813181932
2355,[Conv1d](feat) Add asymmetric padding support,8fada4abfa8e04303b6ba0f3fdbc33701bd12ff2,main-dev,initial,2026-09-23T03:17:38Z,2026-09-23T05:05:57Z,success,6499.0,4770.0,True,Integration Tests,,https://github.com/triton-lang/triton-ascend/pull/2355,https://github.com/triton-lang/triton-ascend/actions/runs/35813750086
1623,[tools](feat) add translation functionality,fd5220513b2db89fb97691c12327c5ca353899d4,main,initial,2026-09-23T03:19:25Z,2026-09-23T03:41:53Z,cancelled,1348.0,,True,Documentation,,https://github.com/triton-lang/triton-ascend/pull/1623,https://github.com/triton-lang/triton-ascend/actions/runs/35813864783
2361,[dtype](fix) The chip name in the error message in modified,f342f5957f765fecaa52f5dba46b29e38ab0a54e,main-dev,initial,2026-09-23T03:38:53Z,2026-09-23T05:19:09Z,failure,6016.0,3944.0,True,Integration Tests,,https://github.com/triton-lang/triton-ascend/pull/2361,https://github.com/triton-lang/triton-ascend/actions/runs/35815157857
1623,[tools](feat) add translation functionality,0db03a6c5d5ca4657c5d8ab2c8834b38a22d22e0,main,initial,2026-09-23T03:41:51Z,2026-09-23T03:54:34Z,cancelled,763.0,,True,Documentation,,https://github.com/triton-lang/triton-ascend/pull/1623,https://github.com/triton-lang/triton-ascend/actions/runs/35815350549
1623,[tools](feat) add translation functionality,194fb7f6ae423d9c9365d89244f1226109d0250d,main,initial,2026-09-23T03:50:21Z,2026-09-23T04:02:28Z,cancelled,727.0,,True,Documentation,,https://github.com/triton-lang/triton-ascend/pull/1623,https://github.com/triton-lang/triton-ascend/actions/runs/35815916668
1623,[tools](feat) add translation functionality,6db1b7cbb91ce16fe000c37b544eb166c0673890,main,initial,2026-09-23T03:57:24Z,2026-09-23T05:13:38Z,success,4574.0,,True,Documentation,,https://github.com/triton-lang/triton-ascend/pull/1623,https://github.com/triton-lang/triton-ascend/actions/runs/35816375151
2352,[CI](feat) Add Dynamic cv mojo ttadapter ci,ab24dfcfb388818584c9b9c50968311b9503f1e3,main-dev,initial,2026-09-23T04:08:43Z,2026-09-23T06:16:57Z,success,7694.0,,True,Auto labeling,,https://github.com/triton-lang/triton-ascend/pull/2352,https://github.com/triton-lang/triton-ascend/actions/runs/35826020818
2352,[CI](feat) Add Dynamic cv mojo ttadapter ci,ab24dfcfb388818584c9b9c50968311b9503f1e3,main-dev,rerun,2026-09-23T04:08:45Z,2026-09-23T07:14:41Z,failure,11156.0,33.0,True,Integration Tests,,https://github.com/triton-lang/triton-ascend/pull/2352,https://github.com/triton-lang/triton-ascend/actions/runs/35817129510
2352,[CI](feat) Add Dynamic cv mojo ttadapter ci,ab24dfcfb388818584c9b9c50968311b9503f1e3,main-dev,rerun,2026-09-23T04:08:45Z,2026-09-23T06:50:33Z,failure,9708.0,,True,PR Title Check,,https://github.com/triton-lang/triton-ascend/pull/2352,https://github.com/triton-lang/triton-ascend/actions/runs/35817129330
2324,[Docs](fix) fix document formatting issues,97c93af48cabe127a67219c9ff2f2c5ebf43baf5,main,initial,2026-09-23T06:00:58Z,2026-09-23T06:42:53Z,success,2515.0,,True,Documentation,,https://github.com/triton-lang/triton-ascend/pull/2324,https://github.com/triton-lang/triton-ascend/actions/runs/35824830265
2326,[Docs](fix) Use approved product names in user docs,4f9a193222bb01360745ae541326222bfa3e71e1,main,initial,2026-09-23T06:05:42Z,2026-09-23T06:38:49Z,success,1987.0,,True,Documentation,,https://github.com/triton-lang/triton-ascend/pull/2326,https://github.com/triton-lang/triton-ascend/actions/runs/35825189227
2312,[TritonToLinalg](feat) Support multi-return kernel call  in kernel,9ea72fa4d198c81cd864e8cf111b823b64d8fb50,main-dev,initial,2026-09-23T06:11:07Z,2026-09-23T06:40:18Z,failure,1751.0,746.0,True,Integration Tests,,https://github.com/triton-lang/triton-ascend/pull/2312,https://github.com/triton-lang/triton-ascend/actions/runs/35825600452
2355,[Conv1d](feat) Add asymmetric padding support,3259a91dc0cf3c220c5fa002354eebcb02946565,main-dev,initial,2026-09-23T06:21:26Z,2026-09-23T06:51:06Z,failure,1780.0,507.0,True,Integration Tests,,https://github.com/triton-lang/triton-ascend/pull/2355,https://github.com/triton-lang/triton-ascend/actions/runs/35826372517
2362,[libdevice](fix) Fix atan2 precision issue,210e5dfdcd9e9531b9d58a87af78885ea313f59a,main-dev,initial,2026-09-23T06:28:57Z,2026-09-23T06:44:04Z,success,907.0,,True,Auto labeling,,https://github.com/triton-lang/triton-ascend/pull/2362,https://github.com/triton-lang/triton-ascend/actions/runs/35828124759
2362,[libdevice](fix) Fix atan2 precision issue,210e5dfdcd9e9531b9d58a87af78885ea313f59a,main-dev,rerun,2026-09-23T06:28:59Z,2026-09-23T07:43:32Z,cancelled,4473.0,41.0,True,Integration Tests,,https://github.com/triton-lang/triton-ascend/pull/2362,https://github.com/triton-lang/triton-ascend/actions/runs/35826948774
2361,[dtype](fix) The chip name in the error message in modified,81797647aaafae56303a203bf1d1109db654819d,main-dev,initial,2026-09-23T06:39:46Z,2026-09-23T06:43:12Z,success,206.0,,True,OpenCodeReview PR Review,,https://github.com/triton-lang/triton-ascend/pull/2361,https://github.com/triton-lang/triton-ascend/actions/runs/35827799207
2361,[dtype](fix) The chip name in the error message in modified,81797647aaafae56303a203bf1d1109db654819d,main-dev,rerun,2026-09-23T06:39:48Z,2026-09-23T08:22:55Z,failure,6187.0,258.0,True,Integration Tests,,https://github.com/triton-lang/triton-ascend/pull/2361,https://github.com/triton-lang/triton-ascend/actions/runs/35827801842
2324,[Docs](fix) fix document formatting issues,dcfbda90bd2ef00f7b1a740f76e3007e5bf692c5,main,initial,2026-09-23T06:52:16Z,2026-09-23T06:57:56Z,cancelled,340.0,,True,Documentation,,https://github.com/triton-lang/triton-ascend/pull/2324,https://github.com/triton-lang/triton-ascend/actions/runs/35828803344
2324,[Docs](fix) fix document formatting issues,518a75def9f975813beaaef8a618dd20ab759e95,main,initial,2026-09-23T06:54:41Z,2026-09-23T08:03:25Z,success,4124.0,,True,Auto labeling,,https://github.com/triton-lang/triton-ascend/pull/2324,https://github.com/triton-lang/triton-ascend/actions/runs/35834962105
2050,[ssbuffer](fix) memdep graphsyncsolver,eaf4ef1b57f4d43b608a43fe52f5c23bc150375d,main-dev,initial,2026-09-23T06:59:27Z,2026-09-23T07:33:40Z,failure,2053.0,426.0,True,DynamicCVPipeline PreCheck Tests,,https://github.com/triton-lang/triton-ascend/pull/2050,https://github.com/triton-lang/triton-ascend/actions/runs/35829383668
2365,[sync](feat) sync code from main-dev to main,7626ead8454a3483e11da805ca02e4fabb280fe0,main,initial,2026-09-23T07:11:30Z,2026-09-23T07:50:26Z,success,2336.0,729.0,True,Integration Tests,,https://github.com/triton-lang/triton-ascend/pull/2365,https://github.com/triton-lang/triton-ascend/actions/runs/35830432971
2366,[TritonToLinalg](fix) unique lib-call names before creating the func op,c73fa53919439b9c5410115f4901a64781171344,main-dev,initial,2026-09-23T07:13:00Z,2026-09-23T07:42:06Z,failure,1746.0,674.0,True,Integration Tests,,https://github.com/triton-lang/triton-ascend/pull/2366,https://github.com/triton-lang/triton-ascend/actions/runs/35830559888
2143,[CI](chore) Bundle the BishengIR compiler into the wheel,240c2cb2c2d3573a6a90b58f9cfc3adfad550dda,main-dev,initial,2026-09-23T07:20:41Z,2026-09-23T09:27:19Z,failure,7598.0,201.0,True,Wheels,部分 workflow 的 job 明细未采集,https://github.com/triton-lang/triton-ascend/pull/2143,https://github.com/triton-lang/triton-ascend/actions/runs/35831217042
2362,[libdevice](fix) Fix atan2 precision issue,ca7fd7e9dae1d4ed16ab8f0a513faf2ace7b027e,main-dev,initial,2026-09-23T07:42:24Z,2026-09-23T07:47:13Z,cancelled,289.0,70.0,True,Integration Tests,,https://github.com/triton-lang/triton-ascend/pull/2362,https://github.com/triton-lang/triton-ascend/actions/runs/35833121727
2362,[libdevice](fix) Fix atan2 precision issue,0f53a99a4a438aa3c1028c1c5370d3c72f3db234,main-dev,initial,2026-09-23T07:45:47Z,2026-09-23T08:18:25Z,failure,1958.0,899.0,True,Integration Tests,,https://github.com/triton-lang/triton-ascend/pull/2362,https://github.com/triton-lang/triton-ascend/actions/runs/35833426982
2279,[costmodel](fix) price SIMD segments and preserve all-SIMD setup,870c82cb2d0a4557600754de9f81f7703138b21e,feature/simd-simt-compile-mode,rerun,2026-09-23T07:46:01Z,2026-09-23T08:13:50Z,cancelled,1669.0,,False,Ascend950 CI,,https://github.com/triton-lang/triton-ascend/pull/2279,https://github.com/triton-lang/triton-ascend/actions/runs/35742787844
2367,"[Test](fix) Remove ""remove_use_analysis"" mlir test",2dd273de30c65e01dcb35e0fec2a6998bb6726d2,main-dev,initial,2026-09-23T07:48:17Z,2026-09-23T08:45:48Z,success,3451.0,867.0,True,Integration Tests,,https://github.com/triton-lang/triton-ascend/pull/2367,https://github.com/triton-lang/triton-ascend/actions/runs/35833647404
2368,[TritonToLinalg](revert) remove UseAnalysis with staged lowering,c7596303110037bd3b71ad8c2a6bb8c9b871c4e3,main-dev,initial,2026-09-23T07:58:42Z,2026-09-23T08:50:04Z,failure,3082.0,242.0,True,Integration Tests,,https://github.com/triton-lang/triton-ascend/pull/2368,https://github.com/triton-lang/triton-ascend/actions/runs/35834549968
2369,[Autotune](fix) report missing feedback for user configs,914d81e241e0f43ff654f33fb3ed28b93553d9cb,main-dev,initial,2026-09-23T08:10:52Z,2026-09-23T08:30:39Z,failure,1187.0,55.0,True,Integration Tests,,https://github.com/triton-lang/triton-ascend/pull/2369,https://github.com/triton-lang/triton-ascend/actions/runs/35835670064
,[ssbuffer](fix) Add SplitIf CallBack Pattern,6cef0c65f4f21ba5b8426c8143ce3617d0d61b3f,未知目标分支,rerun,2026-09-23T08:35:17Z,2026-09-23T09:47:18Z,failure,4321.0,1350.0,True,Integration Tests,未可靠关联 PR,,https://github.com/triton-lang/triton-ascend/actions/runs/35837968123
,[Autotune](fix) report missing feedback for user configs,ee3a5515bc70016c0c7464ae65d68501f667e7c0,未知目标分支,initial,2026-09-23T08:42:12Z,2026-09-23T09:01:15Z,cancelled,1143.0,49.0,True,Integration Tests,未可靠关联 PR,,https://github.com/triton-lang/triton-ascend/actions/runs/35838622035
,[compiler](feat) Pass --save-temps to bishengir-compile,cf20e4a561dfab6c4d6fcb2661bb2ffb26d7face,未知目标分支,initial,2026-09-23T08:44:12Z,2026-09-23T09:08:24Z,failure,1452.0,29.0,True,Integration Tests,未可靠关联 PR,,https://github.com/triton-lang/triton-ascend/actions/runs/35838813640
,"Revert ""[TritonToLinalg](feat) remove UseAnalysis with staged lowerin…",2f929629229e567cfacdbf1931c1cec1f0902e38,未知目标分支,initial,2026-09-23T08:51:26Z,2026-09-23T09:19:03Z,success,1657.0,45.0,True,Integration Tests,未可靠关联 PR,,https://github.com/triton-lang/triton-ascend/actions/runs/35839511150
,[libdevice](fix) Fix atan2 precision issue,7351099c60dc869d011d6142b79b7040b99e0c40,未知目标分支,initial,2026-09-23T08:51:54Z,2026-09-23T09:44:15Z,success,3141.0,1239.0,True,Integration Tests,未可靠关联 PR,,https://github.com/triton-lang/triton-ascend/actions/runs/35839555585
,[ssbuffer](fix) fix bug of data analyze,cdfc19c8bcc8939576e851b1bfe2f24a350b5a82,未知目标分支,initial,2026-09-23T08:52:11Z,2026-09-23T09:35:25Z,success,2594.0,41.0,True,Integration Tests,未可靠关联 PR,,https://github.com/triton-lang/triton-ascend/actions/runs/35839582241
,[dtype](fix) The chip name in the error message in modified,011c91b1ca636efaa2133cb9d3edec41716738c5,未知目标分支,initial,2026-09-23T08:52:29Z,2026-09-23T09:53:56Z,success,3687.0,1570.0,True,Integration Tests,未可靠关联 PR,,https://github.com/triton-lang/triton-ascend/actions/runs/35839611264
,[Autotune](fix) report missing feedback for user configs,1d0ef7fa0c6dff2c26a3c87c65fbd1cc04ac1050,未知目标分支,initial,2026-09-23T08:58:17Z,2026-09-23T09:31:29Z,success,1992.0,276.0,True,Integration Tests,未可靠关联 PR,,https://github.com/triton-lang/triton-ascend/actions/runs/35840170131
,[testing](fix) fix the bug when open clear_l2_cache,064f4515268003560e4623caeccecf1a1cfd3bc1,未知目标分支,initial,2026-09-23T08:59:03Z,2026-09-23T09:10:26Z,cancelled,683.0,39.0,True,Integration Tests,未可靠关联 PR,,https://github.com/triton-lang/triton-ascend/actions/runs/35840241082
,[TritonToLinalg](fix) check custom op for mix_mode,6c6a3daacb3095637fbc30267a80485bf729ca12,未知目标分支,initial,2026-09-23T09:09:04Z,2026-09-23T09:27:24Z,success,1100.0,229.0,True,Integration Tests,未可靠关联 PR,,https://github.com/triton-lang/triton-ascend/actions/runs/35841231345
,[testing](fix) fix the bug when open clear_l2_cache,8ace2624a069d86b1d0417cfcaf694963e07747c,未知目标分支,initial,2026-09-23T09:09:38Z,2026-09-23T09:16:17Z,cancelled,399.0,63.0,True,Integration Tests,未可靠关联 PR,,https://github.com/triton-lang/triton-ascend/actions/runs/35841283919
,[CI](feat) change a5 runner,8e5fd23934873801cb1a9f8a2c4411c4c2d7756a,未知目标分支,initial,2026-09-23T09:14:51Z,2026-09-23T10:06:13Z,success,3082.0,1586.0,True,Integration Tests,未可靠关联 PR,,https://github.com/triton-lang/triton-ascend/actions/runs/35841797295
,[testing](fix) fix the bug when open clear_l2_cache,8a95a90204bbc540194807c4035669f688bbbab8,未知目标分支,initial,2026-09-23T09:15:27Z,2026-09-23T09:18:25Z,cancelled,178.0,27.0,True,Integration Tests,未可靠关联 PR,,https://github.com/triton-lang/triton-ascend/actions/runs/35841862065
,[testing](fix) fix the bug when open clear_l2_cache,a527fe4aa4e5ef97ce274fb3dd506ee6917f6c93,未知目标分支,initial,2026-09-23T09:17:00Z,2026-09-23T09:38:04Z,cancelled,1264.0,63.0,True,Integration Tests,未可靠关联 PR,,https://github.com/triton-lang/triton-ascend/actions/runs/35842011910
,[ssbuffer](fix) fix bug of data analyze,c11af5d8be93233d9821a07a87d5513d8fbc5cb7,未知目标分支,initial,2026-09-23T09:17:05Z,2026-09-23T10:36:17Z,success,4752.0,3225.0,True,Integration Tests,未可靠关联 PR,,https://github.com/triton-lang/triton-ascend/actions/runs/35842020169
,[CI](feat) Add Dynamic cv mojo ttadapter ci,091df047f5576d28ad318dd29da8b558a8823c83,未知目标分支,initial,2026-09-23T09:17:51Z,2026-09-23T09:53:55Z,cancelled,2164.0,1084.0,True,Integration Tests,未可靠关联 PR,,https://github.com/triton-lang/triton-ascend/actions/runs/35842095037
,[TritonToLinalg](fix) unique lib-call names before creating the func op,58ea5044af92ba826fafa41fab85536b7789588e,未知目标分支,initial,2026-09-23T09:18:58Z,2026-09-23T10:07:13Z,success,2895.0,1361.0,True,Integration Tests,未可靠关联 PR,,https://github.com/triton-lang/triton-ascend/actions/runs/35842204623
,[ssbuffer](feat) optimization for load-exp pattern,68e93b8ba7023ffe238fedaa59fd326b0276eaf9,未知目标分支,initial,2026-09-23T09:20:05Z,2026-09-23T10:00:47Z,success,2442.0,1242.0,True,Integration Tests,未可靠关联 PR,,https://github.com/triton-lang/triton-ascend/actions/runs/35842313788
,[CI](chore) Bundle the BishengIR compiler into the wheel,67cd2609a1ce648b608222d6edb20b267853fff4,未知目标分支,initial,2026-09-23T09:22:17Z,2026-09-23T09:22:41Z,cancelled,24.0,0,True,Integration Tests,未可靠关联 PR,,https://github.com/triton-lang/triton-ascend/actions/runs/35842531571
,[CI](chore) Bundle the BishengIR compiler into the wheel,16d9268f5c9d9e71dc0350ef4936823ebd3eeed2,未知目标分支,initial,2026-09-23T09:22:40Z,2026-09-23T09:55:37Z,failure,1977.0,1298.0,True,Integration Tests,未可靠关联 PR,,https://github.com/triton-lang/triton-ascend/actions/runs/35842569449
,[costmodel](fix) price SIMD segments and preserve all-SIMD setup,91d4001cff72bb4a57444d229bbf6b5d457efc90,未知目标分支,initial,2026-09-23T09:35:13Z,2026-09-23T09:56:19Z,success,1266.0,33.0,True,Integration Tests,未可靠关联 PR,,https://github.com/triton-lang/triton-ascend/actions/runs/35843810709
,[testing](fix) fix the bug when open clear_l2_cache,892f6af83b29a2ca28511b1671beef4370b1dbbe,未知目标分支,initial,2026-09-23T09:38:04Z,2026-09-23T10:13:27Z,success,2123.0,987.0,True,Integration Tests,未可靠关联 PR,,https://github.com/triton-lang/triton-ascend/actions/runs/35844088727
,[TritonToUnstructure](revert) mixed-axis load mask fix (#2336),c57dd0fff09e36da9f3fd0f214365f5ee3f343c7,未知目标分支,initial,2026-09-23T09:38:22Z,2026-09-23T10:20:22Z,success,2520.0,1027.0,True,Integration Tests,未可靠关联 PR,,https://github.com/triton-lang/triton-ascend/actions/runs/35844118559
,[ssbuffer](fix) fix bug of data analyze (#2357),76ab1e3b0d90c72c43899f340100f5280667a657,未知目标分支,initial,2026-09-23T09:38:37Z,2026-09-23T09:41:00Z,cancelled,143.0,42.0,True,Integration Tests,未可靠关联 PR,,https://github.com/triton-lang/triton-ascend/actions/runs/35844142555
,[DiscreteMask](fix) run atomic_rmw with contiguous ptr and discrete m…,7ce11e7e84e1d8a221b850c8a063ab079fd80909,未知目标分支,initial,2026-09-23T09:39:37Z,2026-09-23T09:39:48Z,cancelled,11.0,,True,Integration Tests,未可靠关联 PR,,https://github.com/triton-lang/triton-ascend/actions/runs/35844237262
,[TritonToUnstructure](fix) Guard partial masks in indirect fast path …,dc97d1f97c39927f95009de0babe2672fddf1fe8,未知目标分支,initial,2026-09-23T09:39:47Z,2026-09-23T09:39:57Z,cancelled,10.0,,True,Integration Tests,未可靠关联 PR,,https://github.com/triton-lang/triton-ascend/actions/runs/35844251028
,[Backend](fix) dump kernel binary under TRITON_DEBUG (#2343),41aacac4dcc76c73b86111f99e6a6bef278471fe,未知目标分支,initial,2026-09-23T09:39:56Z,2026-09-23T10:05:07Z,success,1511.0,240.0,True,Integration Tests,未可靠关联 PR,,https://github.com/triton-lang/triton-ascend/actions/runs/35844266182
,"[MaskAnalysis](fix) parse arith.subi, (offs - K) >= 0 stays continuou…",400578f3aa448618569d944283d1c33d993a6085,未知目标分支,initial,2026-09-23T09:41:33Z,2026-09-23T10:03:11Z,failure,1298.0,30.0,True,Integration Tests,未可靠关联 PR,,https://github.com/triton-lang/triton-ascend/actions/runs/35844428897
,[CI](feat) Add Dynamic cv mojo ttadapter ci,e46fceac7cb012b9dcf8010162b65fb4a12fcd9b,未知目标分支,initial,2026-09-23T09:48:55Z,2026-09-23T10:23:55Z,cancelled,2100.0,809.0,True,Integration Tests,未可靠关联 PR,,https://github.com/triton-lang/triton-ascend/actions/runs/35845143551
,[TritonToLinalg](feat) Support multi-return kernel call  in kernel,ca944087a09600329ea3c3d5b6ae3d52bce62f49,未知目标分支,rerun,2026-09-23T10:01:53Z,2026-09-23T10:54:43Z,success,3170.0,24.0,True,Integration Tests,未可靠关联 PR,,https://github.com/triton-lang/triton-ascend/actions/runs/35846400611
,[ssbuffer](fix) fix cloned ops cleanup in CloneOps,fc5aca891029f33de0ef6c0effab606c720e1b6a,未知目标分支,initial,2026-09-23T10:05:30Z,2026-09-23T10:28:18Z,success,1368.0,221.0,True,Integration Tests,未可靠关联 PR,,https://github.com/triton-lang/triton-ascend/actions/runs/35846772650
,[CI](feat) Add Dynamic cv mojo ttadapter ci,66607b0c6e78438994cb25e6f621f2eac9ce2049,未知目标分支,initial,2026-09-23T10:20:43Z,2026-09-23T10:40:31Z,success,1188.0,59.0,True,Integration Tests,未可靠关联 PR,,https://github.com/triton-lang/triton-ascend/actions/runs/35848252168
,"Revert ""[TritonToUnstructure](fix) preserve masks on structured load …",d4462cd70c695da4419f3900b327e257e21dd6f9,未知目标分支,initial,2026-09-23T10:34:05Z,2026-09-23T10:37:50Z,cancelled,225.0,12.0,True,Integration Tests,未可靠关联 PR,,https://github.com/triton-lang/triton-ascend/actions/runs/35849537131
,[ssbuffer](feat) optimization for load-exp pattern (#2310),8b7229d10b747036f6b35f233efd6dbafe8fbfe3,未知目标分支,initial,2026-09-23T10:34:30Z,2026-09-23T10:35:21Z,cancelled,51.0,,True,Integration Tests,未可靠关联 PR,,https://github.com/triton-lang/triton-ascend/actions/runs/35849578937
,"[MaskAnalysis](fix) parse arith.subi, (offs - K) >= 0 stays continuou…",79afc142b76e8ac0ba1d523dbc9166feefdfe21e,未知目标分支,initial,2026-09-23T10:35:20Z,2026-09-23T10:35:31Z,cancelled,11.0,,True,Integration Tests,未可靠关联 PR,,https://github.com/triton-lang/triton-ascend/actions/runs/35849660101
,[libdevice](fix) Fix atan2 precision issue (#2362),83ee54e0edb3ee4d87ff25764a131a324a4e2e09,未知目标分支,initial,2026-09-23T10:35:30Z,2026-09-23T10:35:44Z,cancelled,14.0,,True,Integration Tests,未可靠关联 PR,,https://github.com/triton-lang/triton-ascend/actions/runs/35849676153
,[TritonToLinalg](fix) unique lib-call names before creating the func …,2747a008c555e18ce5832b08b70cb0ab270478f3,未知目标分支,initial,2026-09-23T10:35:43Z,2026-09-23T10:35:47Z,cancelled,4.0,,True,Integration Tests,未可靠关联 PR,,https://github.com/triton-lang/triton-ascend/actions/runs/35849696601
,[dtype](fix) The chip name in the error message in modified (#2361),5e1a4a2132c0d6a6e942ec63b1f1f8a884e7c4a5,未知目标分支,initial,2026-09-23T10:35:46Z,2026-09-23T10:36:19Z,cancelled,33.0,,True,Integration Tests,未可靠关联 PR,,https://github.com/triton-lang/triton-ascend/actions/runs/35849701168
,change a5 runner (#2359),c7d47b551fb94dbb93d1f55b4c6a3e15bdfa169d,未知目标分支,initial,2026-09-23T10:36:17Z,2026-09-23T10:58:11Z,success,1314.0,40.0,True,Integration Tests,未可靠关联 PR,,https://github.com/triton-lang/triton-ascend/actions/runs/35849751102
,[TritonToLinalg](fix) check custom op for mix_mode,3ede6d791f8ac8e1e7228107d2ad92e86679e9c7,未知目标分支,initial,2026-09-23T10:37:00Z,2026-09-23T10:41:36Z,cancelled,276.0,9.0,True,Integration Tests,未可靠关联 PR,,https://github.com/triton-lang/triton-ascend/actions/runs/35849819014
,[TritonToLinalg](fix) check custom op for mix_mode,1f1fc3e501c464513b833a8ded303d3fdee18674,未知目标分支,initial,2026-09-23T10:40:39Z,2026-09-23T11:02:14Z,success,1295.0,30.0,True,Integration Tests,未可靠关联 PR,,https://github.com/triton-lang/triton-ascend/actions/runs/35850162917
,[CI](feat) Add Dynamic cv mojo ttadapter ci,0a06b5ae3c3e0453378cb7346ad6e11cb5ce12b0,未知目标分支,initial,2026-09-23T10:51:25Z,2026-09-23T11:11:08Z,success,1183.0,29.0,True,Integration Tests,未可靠关联 PR,,https://github.com/triton-lang/triton-ascend/actions/runs/35851172099
,[ssbuffer](fix) erase cloned sync ops wrapped by multi-buffering,e3b775577683ebf1fc4fa567bd8c7f46752fd202,未知目标分支,initial,2026-09-23T11:16:20Z,2026-09-23T11:36:05Z,success,1185.0,28.0,True,Integration Tests,未可靠关联 PR,,https://github.com/triton-lang/triton-ascend/actions/runs/35853565690
,[costmodel](feat) model tail-axis reduction costs,031b87ada2c71509b429463c32be5b1d12d58523,未知目标分支,initial,2026-09-23T11:20:04Z,2026-09-23T11:37:50Z,success,1066.0,29.0,True,Integration Tests,未可靠关联 PR,,https://github.com/triton-lang/triton-ascend/actions/runs/35853919083
,[TritonToUnstructure](fix) preserve masks and optimize full-row copies,0a188aaa1a801ae298278c068afee8f117985554,未知目标分支,initial,2026-09-23T11:32:54Z,2026-09-23T11:53:49Z,success,1255.0,27.0,True,Integration Tests,未可靠关联 PR,,https://github.com/triton-lang/triton-ascend/actions/runs/35855169397
,[testing](fix) fix the bug when open clear_l2_cache (#2349),a3df2b4f58bc17558ebea75ee20dd42dcf8cdf8f,未知目标分支,initial,2026-09-23T12:05:18Z,2026-09-23T12:21:18Z,cancelled,960.0,29.0,True,Integration Tests,未可靠关联 PR,,https://github.com/triton-lang/triton-ascend/actions/runs/35858319831
,[TritonToUnstructure] restore masked loads with full-row copy fast pa…,62e6f6c376221d7b44c4d05c33c58c10ad40e531,未知目标分支,initial,2026-09-23T12:20:41Z,2026-09-23T12:40:06Z,cancelled,1165.0,29.0,True,Integration Tests,未可靠关联 PR,,https://github.com/triton-lang/triton-ascend/actions/runs/35859881038
,[TritonToLinalg](fix) check custom op for mix_mode (#2375),b96c6438f7c683d03f294d7825bf5a7f76805908,未知目标分支,initial,2026-09-23T12:38:52Z,2026-09-23T13:07:33Z,success,1721.0,28.0,True,Integration Tests,未可靠关联 PR,,https://github.com/triton-lang/triton-ascend/actions/runs/35861800361
,[compiler](feat) Pass --save-temps to bishengir-compile,aa48091e024cbb6d3021294ff6b3d9ba091b818a,未知目标分支,initial,2026-09-23T12:44:07Z,2026-09-23T13:19:51Z,success,2144.0,47.0,True,Integration Tests,未可靠关联 PR,,https://github.com/triton-lang/triton-ascend/actions/runs/35862363886
,[costmodel](feat) model tail-axis reduction costs,596ac7268ecc454642c42a1fd922f225c95a0651,未知目标分支,initial,2026-09-23T12:53:17Z,2026-09-23T13:19:58Z,success,1601.0,31.0,True,Integration Tests,未可靠关联 PR,,https://github.com/triton-lang/triton-ascend/actions/runs/35863357722
,[TritonToLinalg](fix) check custom op for mix_mode,5dae38915387f89ce2beff79cdf1653cd43189a9,未知目标分支,initial,2026-09-23T13:30:34Z,2026-09-23T13:47:21Z,success,1007.0,41.0,True,Integration Tests,未可靠关联 PR,,https://github.com/triton-lang/triton-ascend/actions/runs/35867555522
,[TritonToLinalg](feat) remove UseAnalysis with staged lowering,90852e3f92b33c0721220a85d3b51f2793007a34,未知目标分支,initial,2026-09-23T13:42:15Z,2026-09-23T14:09:25Z,success,1630.0,35.0,True,Integration Tests,未可靠关联 PR,,https://github.com/triton-lang/triton-ascend/actions/runs/35868918382
,[backend](fix) remove lib-call no-inline option,996b48132799e83a98ff78db84e259b23ea73cc7,未知目标分支,initial,2026-09-23T14:08:00Z,2026-09-23T14:40:55Z,success,1975.0,28.0,True,Integration Tests,未可靠关联 PR,,https://github.com/triton-lang/triton-ascend/actions/runs/35871948345
,[backend](fix) remove lib-call no-inline option,916ee4402965fae3263f6362d5a623012e7cbc4a,未知目标分支,initial,2026-09-23T14:08:13Z,2026-09-23T14:40:40Z,success,1947.0,33.0,True,Integration Tests,未可靠关联 PR,,https://github.com/triton-lang/triton-ascend/actions/runs/35871974671
,[TritonToLinalg](feat) remove UseAnalysis with staged lowering (#2380),4d8d7dd83d0125bf41240c027a7bd9052b600026,未知目标分支,initial,2026-09-23T14:09:51Z,2026-09-23T14:40:19Z,success,1828.0,30.0,True,Integration Tests,未可靠关联 PR,,https://github.com/triton-lang/triton-ascend/actions/runs/35872162260
,[backend](fix) remove lib-call no-inline option (#2382),87e8e5281674487a2abc345ee255d5086774efcb,未知目标分支,initial,2026-09-23T14:47:01Z,2026-09-23T15:15:19Z,success,1698.0,32.0,True,Integration Tests,未可靠关联 PR,,https://github.com/triton-lang/triton-ascend/actions/runs/35876718100
,[backend](fix) remove lib-call no-inline option (#2381),b62e95800a6b2fc70f486903c58dc86488fa2651,未知目标分支,initial,2026-09-23T14:47:43Z,2026-09-23T15:07:11Z,success,1168.0,37.0,True,Integration Tests,未可靠关联 PR,,https://github.com/triton-lang/triton-ascend/actions/runs/35876802643
,[TritonToLinalg](fix) check custom op for mix_mode (#2379),14d80376ffe834a879b218dcae9d942abb0c92d2,未知目标分支,initial,2026-09-23T15:34:42Z,2026-09-23T15:52:20Z,success,1058.0,48.0,True,Integration Tests,未可靠关联 PR,,https://github.com/triton-lang/triton-ascend/actions/runs/35882584232
,[ssbuffer](fix) Add SplitIf CallBack Pattern,ceb3cc44f677f2ae3a8b4417d943a8147b91b98c,未知目标分支,initial,2026-09-24T01:23:10Z,2026-09-24T01:24:56Z,cancelled,106.0,14.0,True,Integration Tests,未可靠关联 PR,,https://github.com/triton-lang/triton-ascend/actions/runs/35942681578
,[ssbuffer](fix) Add SplitIf CallBack Pattern,9a8a6e74edad5a47240c27579091e73c39697e60,未知目标分支,initial,2026-09-24T01:23:38Z,2026-09-24T02:11:06Z,success,2848.0,28.0,True,Integration Tests,未可靠关联 PR,,https://github.com/triton-lang/triton-ascend/actions/runs/35942715776
,[Backend](fix) remap triton.language.extra.libdevice to cann.libdevice,b515d053e06cf6d76c7454b28e7efa0a246d6bd9,未知目标分支,initial,2026-09-24T02:30:32Z,2026-09-24T03:04:40Z,failure,2048.0,46.0,True,Integration Tests,未可靠关联 PR,,https://github.com/triton-lang/triton-ascend/actions/runs/35947547678
,[Backend](fix) remap triton.language.extra.libdevice to cann.libdevice,3cf21708a2141a71488b29954291889bc0dd6c7b,未知目标分支,initial,2026-09-24T02:33:44Z,2026-09-24T02:56:11Z,success,1347.0,29.0,True,Integration Tests,未可靠关联 PR,,https://github.com/triton-lang/triton-ascend/actions/runs/35947775202
,[CI](chore) Bundle the BishengIR compiler into the wheel,3c3abb205bb9582ae3609e7d41eea90f230ed915,未知目标分支,initial,2026-09-24T03:02:57Z,2026-09-24T03:10:15Z,cancelled,438.0,60.0,True,Integration Tests,未可靠关联 PR,,https://github.com/triton-lang/triton-ascend/actions/runs/35949803108
,[CI](chore) Bundle the BishengIR compiler into the wheel,a68472e8301d0a7b82c9f4afc377f13ec34bfbef,未知目标分支,initial,2026-09-24T03:09:55Z,2026-09-24T03:27:51Z,cancelled,1076.0,50.0,True,Integration Tests,未可靠关联 PR,,https://github.com/triton-lang/triton-ascend/actions/runs/35950297533
,[CI](chore) Bundle the BishengIR compiler into the wheel,aa3420e2ad3789d4a0e1662472b3611c8164afcc,未知目标分支,initial,2026-09-24T03:25:19Z,2026-09-24T03:49:11Z,failure,1432.0,62.0,True,Integration Tests,未可靠关联 PR,,https://github.com/triton-lang/triton-ascend/actions/runs/35951375406
,[backend](fix) skip value-folded arguments when packing launcher args,e92befade7a31ae93c5131d6e8abcfd99fd92376,未知目标分支,initial,2026-09-24T03:31:05Z,2026-09-24T03:56:02Z,cancelled,1497.0,27.0,True,Integration Tests,未可靠关联 PR,,https://github.com/triton-lang/triton-ascend/actions/runs/35951777256
,Ssbuf custom op,3992b6aa19ecff0876c7bc71d9b8746a9701309f,未知目标分支,initial,2026-09-24T03:36:05Z,2026-09-24T04:02:58Z,success,1613.0,30.0,True,Integration Tests,未可靠关联 PR,,https://github.com/triton-lang/triton-ascend/actions/runs/35952126617
,[CI](chore) Bundle the BishengIR compiler into the wheel,9cb76763ee05aaf6155fee223729ba338233a039,未知目标分支,initial,2026-09-24T03:50:17Z,2026-09-24T04:06:24Z,failure,967.0,27.0,True,Integration Tests,未可靠关联 PR,,https://github.com/triton-lang/triton-ascend/actions/runs/35953105994
,[backend](fix) skip value-folded arguments when packing launcher args,8dc2dea7efc2352616f512835f29ce1e3c163d36,未知目标分支,initial,2026-09-24T03:55:49Z,2026-09-24T04:13:56Z,success,1087.0,41.0,True,Integration Tests,未可靠关联 PR,,https://github.com/triton-lang/triton-ascend/actions/runs/35953490245
,[CI](chore) Bundle the BishengIR compiler into the wheel,82729fd525f7b993881c368d3b76009a9d805f8f,未知目标分支,initial,2026-09-24T06:22:24Z,,running,989.0,44.0,True,Integration Tests,未可靠关联 PR,,https://github.com/triton-lang/triton-ascend/actions/runs/35964167782
,[ssbuffer](fix) add pattern recognition in MergeComputeBlockPass,67811860c637e7d966d78b5ca6ffe9172c48e918,未知目标分支,initial,2026-09-24T06:25:42Z,,running,791.0,28.0,True,Integration Tests,未可靠关联 PR,,https://github.com/triton-lang/triton-ascend/actions/runs/35964431932
